"id_year","year","month","state","latitude","longitude","firespots"
am_1999,1999,1,AMAZONAS,-2.3711133,-59.899933,3
ma_1999,1999,1,MARANHAO,-2.2573948,-45.48783,36
ma_1999,1999,1,MATO GROSSO,-12.660633,-55.057987,18
pa_1999,1999,1,PARA,-2.4748204,-48.546967,87
ro_1999,1999,1,RONDONIA,-12.8617,-60.5131,1
ro_1999,1999,1,RORAIMA,3.4032247,-60.622852,15
am_1999,1999,2,AMAPA,-0.155,-52.6831,1
am_1999,1999,2,AMAZONAS,-2.763167,-63.429783,43
ma_1999,1999,2,MATO GROSSO,-12.6199875,-55.375362,8
pa_1999,1999,2,PARA,-2.1506174,-53.50991,285
ro_1999,1999,2,RONDONIA,-9.875,-62.5617,1
ro_1999,1999,2,RORAIMA,2.2562096,-61.07694,20
am_1999,1999,3,AMAPA,1.138335,-50.46155,2
am_1999,1999,3,AMAZONAS,-4.104806,-66.10142,7
ma_1999,1999,3,MARANHAO,-3.504865,-45.6928,4
ma_1999,1999,3,MATO GROSSO,-12.31615,-55.9678,4
pa_1999,1999,3,PARA,-5.0887713,-52.333344,7
ro_1999,1999,3,RONDONIA,-12.734113,-62.152664,8
ro_1999,1999,3,RORAIMA,2.1765897,-60.684208,98
am_1999,1999,4,AMAZONAS,-3.73306,-63.64585,2
ma_1999,1999,4,MATO GROSSO,-12.032898,-55.73238,43
pa_1999,1999,4,PARA,-6.3920865,-52.284016,6
ro_1999,1999,4,RONDONIA,-9.228073,-63.233265,3
ro_1999,1999,4,RORAIMA,2.7236311,-60.913742,16
ma_1999,1999,5,MATO GROSSO,-12.392257,-55.335175,441
pa_1999,1999,5,PARA,-5.5206976,-51.333576,4
ro_1999,1999,5,RONDONIA,-11.662633,-62.5489,3
to_1999,1999,5,TOCANTINS,-7.02806,-49.1731,1
am_1999,1999,6,AMAPA,0.399165,-52.46905,2
am_1999,1999,6,AMAZONAS,-2.0875413,-64.482925,7
ma_1999,1999,6,MARANHAO,-4.91306,-46.9517,1
ma_1999,1999,6,MATO GROSSO,-12.035947,-55.353718,1376
pa_1999,1999,6,PARA,-4.9392366,-49.51913,37
ro_1999,1999,6,RONDONIA,-12.19663,-60.82178,10
ro_1999,1999,6,RORAIMA,1.24602,-60.3689,3
to_1999,1999,6,TOCANTINS,-7.751577,-49.143265,3
ac_1999,1999,7,ACRE,-8.17,-72.59,1
am_1999,1999,7,AMAZONAS,-6.943261,-60.500828,11
ma_1999,1999,7,MARANHAO,-4.6019597,-46.97331,44
ma_1999,1999,7,MATO GROSSO,-11.626068,-56.15779,2473
pa_1999,1999,7,PARA,-6.464225,-51.788406,982
ro_1999,1999,7,RONDONIA,-11.239553,-61.90891,135
ro_1999,1999,7,RORAIMA,3.2032676,-60.920727,4
to_1999,1999,7,TOCANTINS,-7.094614,-48.325108,25
ac_1999,1999,8,ACRE,-9.864001,-67.911736,67
am_1999,1999,8,AMAZONAS,-7.310984,-60.86655,255
ma_1999,1999,8,MARANHAO,-4.4893394,-46.713425,186
ma_1999,1999,8,MATO GROSSO,-11.358813,-56.22813,12707
pa_1999,1999,8,PARA,-7.077542,-51.44166,6179
ro_1999,1999,8,RONDONIA,-11.328998,-62.247684,1976
ro_1999,1999,8,RORAIMA,2.975,-61.1131,1
to_1999,1999,8,TOCANTINS,-7.3853364,-48.688465,154
ac_1999,1999,9,ACRE,-9.829269,-68.230804,212
am_1999,1999,9,AMAPA,0.6145175,-51.110725,4
am_1999,1999,9,AMAZONAS,-8.000526,-64.04519,214
ma_1999,1999,9,MARANHAO,-4.3097153,-46.40407,375
ma_1999,1999,9,MATO GROSSO,-11.958582,-56.094234,7357
pa_1999,1999,9,PARA,-6.5130253,-50.22556,4417
ro_1999,1999,9,RONDONIA,-11.38077,-62.435364,3059
ro_1999,1999,9,RORAIMA,3.76991,-60.4866,3
to_1999,1999,9,TOCANTINS,-7.1597557,-48.584866,465
ac_1999,1999,10,ACRE,-9.577298,-68.86786,63
am_1999,1999,10,AMAPA,1.0229136,-51.242004,25
am_1999,1999,10,AMAZONAS,-3.8395712,-61.112465,476
ma_1999,1999,10,MARANHAO,-4.493401,-46.53391,1446
ma_1999,1999,10,MATO GROSSO,-12.021768,-56.22078,3648
pa_1999,1999,10,PARA,-4.338487,-50.86213,5026
ro_1999,1999,10,RONDONIA,-10.655392,-62.66326,1884
ro_1999,1999,10,RORAIMA,2.373279,-60.29556,10
to_1999,1999,10,TOCANTINS,-6.689083,-48.573277,216
ac_1999,1999,11,ACRE,-8.199865,-70.14323,4
am_1999,1999,11,AMAPA,1.456497,-51.4957,26
am_1999,1999,11,AMAZONAS,-3.2991393,-62.190704,28
ma_1999,1999,11,MARANHAO,-3.6824763,-46.13805,1203
ma_1999,1999,11,MATO GROSSO,-12.299734,-57.837177,445
pa_1999,1999,11,PARA,-3.0779705,-49.79443,2682
ro_1999,1999,11,RONDONIA,-11.913575,-62.008816,41
ro_1999,1999,11,RORAIMA,1.9212427,-59.94434,15
to_1999,1999,11,TOCANTINS,-6.024224,-48.22436,5
am_1999,1999,12,AMAPA,0.4745868,-51.43989,41
am_1999,1999,12,AMAZONAS,-2.80653,-61.3717,2
ma_1999,1999,12,MARANHAO,-2.5771198,-45.661613,841
ma_1999,1999,12,MATO GROSSO,-13.993356,-58.67889,18
pa_1999,1999,12,PARA,-2.7467802,-49.797398,766
ro_1999,1999,12,RORAIMA,1.9247234,-60.125237,35
am_2000,2000,1,AMAPA,-0.935,-52.2642,2
am_2000,2000,1,AMAZONAS,-4.9563127,-63.955658,7
ma_2000,2000,1,MARANHAO,-3.5771594,-46.40109,17
ma_2000,2000,1,MATO GROSSO,-13.4545,-56.93849,13
pa_2000,2000,1,PARA,-2.5552244,-48.85874,30
ro_2000,2000,1,RORAIMA,3.6530433,-60.19976,18
am_2000,2000,2,AMAZONAS,-3.0155983,-62.3967,62
ma_2000,2000,2,MARANHAO,-3.00991,-45.857235,3
ma_2000,2000,2,MATO GROSSO,-12.554244,-55.226517,25
pa_2000,2000,2,PARA,-3.4310563,-52.689533,29
ro_2000,2000,2,RONDONIA,-12.21855,-61.697666,6
ro_2000,2000,2,RORAIMA,2.7865326,-60.686714,57
ac_2000,2000,3,ACRE,-9.445561,-71.240036,11
am_2000,2000,3,AMAZONAS,-3.114922,-62.911034,69
ma_2000,2000,3,MATO GROSSO,-12.22753,-54.32358,10
pa_2000,2000,3,PARA,-3.691695,-51.404366,181
ro_2000,2000,3,RONDONIA,-11.245878,-63.82321,9
ro_2000,2000,3,RORAIMA,2.5943224,-60.654583,125
ac_2000,2000,4,ACRE,-8.46306,-70.325,1
am_2000,2000,4,AMAZONAS,-2.530095,-62.546665,18
ma_2000,2000,4,MARANHAO,-2.99653,-45.71835,2
ma_2000,2000,4,MATO GROSSO,-12.536299,-55.383877,31
pa_2000,2000,4,PARA,-4.6037316,-51.906174,40
ac_2000,2000,5,ACRE,-8.17167,-70.95667,1
am_2000,2000,5,AMAZONAS,-6.1656537,-63.000423,51
ma_2000,2000,5,MATO GROSSO,-12.053627,-55.522243,840
pa_2000,2000,5,PARA,-4.784306,-53.155697,12
ro_2000,2000,5,RONDONIA,-12.045889,-60.888668,15
ro_2000,2000,5,RORAIMA,3.1721442,-60.98714,7
to_2000,2000,5,TOCANTINS,-6.799165,-48.43833,4
ac_2000,2000,6,ACRE,-10.115,-67.6731,1
am_2000,2000,6,AMAZONAS,-2.8040767,-66.74077,6
ma_2000,2000,6,MARANHAO,-4.7299223,-47.11845,31
ma_2000,2000,6,MATO GROSSO,-11.850191,-55.492588,3049
pa_2000,2000,6,PARA,-7.712625,-50.591824,59
ro_2000,2000,6,RONDONIA,-11.334088,-61.50767,54
to_2000,2000,6,TOCANTINS,-8.437856,-48.696163,11
ac_2000,2000,7,ACRE,-9.66667,-68.215,1
am_2000,2000,7,AMAZONAS,-7.5547676,-62.827522,39
ma_2000,2000,7,MARANHAO,-4.551391,-47.01413,48
ma_2000,2000,7,MATO GROSSO,-11.607409,-55.80091,851
pa_2000,2000,7,PARA,-7.232116,-52.415382,426
ro_2000,2000,7,RONDONIA,-10.701318,-62.641964,120
to_2000,2000,7,TOCANTINS,-7.2365694,-48.403973,25
ac_2000,2000,8,ACRE,-10.032209,-67.853714,136
am_2000,2000,8,AMAPA,0.65213,-51.1889,3
am_2000,2000,8,AMAZONAS,-6.5250177,-62.291473,180
ma_2000,2000,8,MARANHAO,-4.5849867,-46.73302,140
ma_2000,2000,8,MATO GROSSO,-10.922061,-55.620205,4366
pa_2000,2000,8,PARA,-7.3407664,-51.162727,5484
ro_2000,2000,8,RONDONIA,-11.311089,-62.347294,2200
ro_2000,2000,8,RORAIMA,2.8423178,-61.078445,9
to_2000,2000,8,TOCANTINS,-7.640193,-48.67955,273
ac_2000,2000,9,ACRE,-9.722745,-68.17837,261
am_2000,2000,9,AMAPA,0.3849716,-51.263157,19
am_2000,2000,9,AMAZONAS,-8.033044,-66.62311,193
ma_2000,2000,9,MARANHAO,-4.1464643,-46.48158,255
ma_2000,2000,9,MATO GROSSO,-11.408492,-55.472317,3901
pa_2000,2000,9,PARA,-6.322754,-50.307446,2569
ro_2000,2000,9,RONDONIA,-11.058603,-62.511436,2440
ro_2000,2000,9,RORAIMA,2.9613693,-60.637875,12
to_2000,2000,9,TOCANTINS,-7.552127,-48.7361,412
ac_2000,2000,10,ACRE,-10.002793,-68.89025,18
am_2000,2000,10,AMAPA,0.79316264,-51.3128,42
am_2000,2000,10,AMAZONAS,-5.591062,-62.457966,145
ma_2000,2000,10,MARANHAO,-4.4616494,-46.57341,1072
ma_2000,2000,10,MATO GROSSO,-12.31972,-56.190514,3898
pa_2000,2000,10,PARA,-4.0175996,-50.15866,4308
ro_2000,2000,10,RONDONIA,-10.887921,-62.706944,641
ro_2000,2000,10,RORAIMA,3.2483463,-60.69302,25
to_2000,2000,10,TOCANTINS,-6.478072,-48.538074,77
am_2000,2000,11,AMAPA,1.2218632,-51.25117,157
am_2000,2000,11,AMAZONAS,-4.4529653,-59.89807,27
ma_2000,2000,11,MARANHAO,-3.5006475,-45.98203,1657
ma_2000,2000,11,MATO GROSSO,-13.482188,-57.002857,233
pa_2000,2000,11,PARA,-3.2506526,-49.9766,3366
ro_2000,2000,11,RONDONIA,-12.067262,-63.004814,13
ro_2000,2000,11,RORAIMA,1.9130406,-60.01639,32
to_2000,2000,11,TOCANTINS,-6.231993,-48.59116,12
am_2000,2000,12,AMAPA,0.38952833,-51.0966,30
am_2000,2000,12,AMAZONAS,-2.5820348,-58.267803,60
ma_2000,2000,12,MARANHAO,-2.812511,-45.792053,1275
ma_2000,2000,12,MATO GROSSO,-14.431908,-57.46283,25
pa_2000,2000,12,PARA,-2.5805705,-49.705345,1697
ro_2000,2000,12,RONDONIA,-11.0535145,-62.620228,7
ro_2000,2000,12,RORAIMA,1.4075224,-60.074036,77
to_2000,2000,12,TOCANTINS,-6.525835,-48.33155,4
am_2001,2001,1,AMAZONAS,-2.8072233,-59.736668,3
ma_2001,2001,1,MARANHAO,-3.661666,-45.70249,10
ma_2001,2001,1,MATO GROSSO,-13.883041,-56.746952,17
pa_2001,2001,1,PARA,-3.5742648,-49.60093,34
ro_2001,2001,1,RORAIMA,2.965132,-60.77474,101
am_2001,2001,2,AMAZONAS,-2.993125,-63.134987,8
ma_2001,2001,2,MATO GROSSO,-12.438274,-55.709255,27
pa_2001,2001,2,PARA,-5.6036468,-49.982807,16
ro_2001,2001,2,RONDONIA,-10.867515,-64.75665,2
ro_2001,2001,2,RORAIMA,2.1073272,-60.784344,646
am_2001,2001,3,AMAZONAS,-3.3358316,-62.3875,6
ma_2001,2001,3,MATO GROSSO,-13.961591,-57.18468,21
ro_2001,2001,3,RORAIMA,2.6032398,-61.012486,1107
am_2001,2001,4,AMAZONAS,-4.825,-65.1783,1
ma_2001,2001,4,MARANHAO,-3.34333,-45.5133,1
ma_2001,2001,4,MATO GROSSO,-12.42915,-55.083344,235
ro_2001,2001,4,RORAIMA,2.7552106,-60.98939,380
ma_2001,2001,5,MARANHAO,-3.24833,-46.1483,1
ma_2001,2001,5,MATO GROSSO,-12.232148,-55.2439,893
pa_2001,2001,5,PARA,-6.531904,-50.6331,7
ro_2001,2001,5,RONDONIA,-11.120328,-61.54234,5
ro_2001,2001,5,RORAIMA,3.6288888,-61.312035,9
to_2001,2001,5,TOCANTINS,-7.61667,-48.4733,1
ac_2001,2001,6,ACRE,-7.57833,-72.95,1
am_2001,2001,6,AMAZONAS,-8.349666,-63.99034,5
ma_2001,2001,6,MARANHAO,-4.484997,-47.235565,3
ma_2001,2001,6,MATO GROSSO,-11.902295,-55.75827,4137
pa_2001,2001,6,PARA,-7.1732926,-50.26123,42
ro_2001,2001,6,RONDONIA,-10.9434395,-62.459576,31
ro_2001,2001,6,RORAIMA,2.42667,-60.04,1
to_2001,2001,6,TOCANTINS,-7.7128587,-48.658344,7
ac_2001,2001,7,ACRE,-10.152766,-67.6761,3
am_2001,2001,7,AMAPA,2.43167,-51.27,1
am_2001,2001,7,AMAZONAS,-7.1220365,-61.614624,9
ma_2001,2001,7,MARANHAO,-4.573788,-47.021473,77
ma_2001,2001,7,MATO GROSSO,-11.624737,-55.891674,918
pa_2001,2001,7,PARA,-6.6664033,-52.043613,709
ro_2001,2001,7,RONDONIA,-11.206084,-62.328262,74
ro_2001,2001,7,RORAIMA,3.3,-60.8633,1
to_2001,2001,7,TOCANTINS,-7.5825,-48.51883,24
ac_2001,2001,8,ACRE,-9.841483,-68.20941,399
am_2001,2001,8,AMAPA,1.0625,-50.988182,12
am_2001,2001,8,AMAZONAS,-7.077375,-62.594856,499
ma_2001,2001,8,MARANHAO,-4.4319572,-46.72742,367
ma_2001,2001,8,MATO GROSSO,-11.099443,-56.647842,4997
pa_2001,2001,8,PARA,-6.8821287,-51.238956,9042
ro_2001,2001,8,RONDONIA,-10.688898,-63.034405,2132
ro_2001,2001,8,RORAIMA,3.35,-59.918324,4
to_2001,2001,8,TOCANTINS,-6.8290014,-48.5416,227
ac_2001,2001,9,ACRE,-9.923437,-67.81201,288
am_2001,2001,9,AMAPA,1.2778243,-50.869057,95
am_2001,2001,9,AMAZONAS,-7.1360316,-64.05108,168
ma_2001,2001,9,MARANHAO,-4.234081,-46.33465,952
ma_2001,2001,9,MATO GROSSO,-11.604138,-55.97381,5020
pa_2001,2001,9,PARA,-5.863211,-50.069847,6136
ro_2001,2001,9,RONDONIA,-11.350384,-62.808903,1929
ro_2001,2001,9,RORAIMA,4.125,-60.6633,1
to_2001,2001,9,TOCANTINS,-7.0770392,-48.554615,939
ac_2001,2001,10,ACRE,-9.997676,-68.047264,137
am_2001,2001,10,AMAPA,1.3626332,-51.00619,193
am_2001,2001,10,AMAZONAS,-4.043815,-59.947403,332
ma_2001,2001,10,MARANHAO,-4.1336274,-46.140453,3254
ma_2001,2001,10,MATO GROSSO,-12.684706,-56.51103,4300
pa_2001,2001,10,PARA,-3.7277036,-50.319134,5102
ro_2001,2001,10,RONDONIA,-10.908217,-62.97818,796
ro_2001,2001,10,RORAIMA,1.676667,-60.201286,13
to_2001,2001,10,TOCANTINS,-6.41799,-48.48601,165
ac_2001,2001,11,ACRE,-7.78,-72.36,1
am_2001,2001,11,AMAPA,1.1271961,-51.037586,406
am_2001,2001,11,AMAZONAS,-2.449652,-60.91993,244
ma_2001,2001,11,MARANHAO,-3.593865,-45.99504,2348
ma_2001,2001,11,MATO GROSSO,-14.306403,-57.780857,208
pa_2001,2001,11,PARA,-3.0746553,-50.63098,4936
ro_2001,2001,11,RONDONIA,-10.977605,-63.247246,92
ro_2001,2001,11,RORAIMA,2.2230484,-60.39996,76
to_2001,2001,11,TOCANTINS,-6.4451904,-48.5068,35
am_2001,2001,12,AMAPA,1.1710737,-50.70157,593
am_2001,2001,12,AMAZONAS,-3.0852277,-58.049393,22
ma_2001,2001,12,MARANHAO,-2.8454814,-45.91014,966
ma_2001,2001,12,MATO GROSSO,-12.895379,-56.43416,22
pa_2001,2001,12,PARA,-2.2929165,-50.12972,2566
ro_2001,2001,12,RONDONIA,-9.69833,-62.8183,1
ro_2001,2001,12,RORAIMA,1.7010965,-60.084126,76
to_2001,2001,12,TOCANTINS,-5.8505,-48.34884,10
am_2002,2002,1,AMAPA,0.86214143,-50.757385,7
am_2002,2002,1,AMAZONAS,-4.072647,-62.48706,17
ma_2002,2002,1,MARANHAO,-3.4286358,-46.54788,22
ma_2002,2002,1,MATO GROSSO,-14.061573,-57.491352,90
pa_2002,2002,1,PARA,-2.8619564,-51.523655,144
ro_2002,2002,1,RONDONIA,-11.517772,-61.641384,6
ro_2002,2002,1,RORAIMA,2.6654305,-60.413715,302
to_2002,2002,1,TOCANTINS,-6.444165,-48.55335,2
ac_2002,2002,2,ACRE,-8.6,-69.7767,1
am_2002,2002,2,AMAPA,-0.185,-51.5242,2
am_2002,2002,2,AMAZONAS,-0.379165,-62.93835,2
ma_2002,2002,2,MARANHAO,-4.194326,-46.854687,42
ma_2002,2002,2,MATO GROSSO,-12.425785,-54.118893,15
pa_2002,2002,2,PARA,-4.099597,-49.154415,120
ro_2002,2002,2,RONDONIA,-9.631662,-63.81355,8
ro_2002,2002,2,RORAIMA,2.0304623,-60.49897,476
to_2002,2002,2,TOCANTINS,-6.89167,-48.9967,1
am_2002,2002,3,AMAZONAS,-2.018,-60.12466,5
ma_2002,2002,3,MARANHAO,-3.684165,-45.68415,2
ma_2002,2002,3,MATO GROSSO,-12.904339,-55.46307,58
pa_2002,2002,3,PARA,-5.425715,-50.4925,14
ro_2002,2002,3,RONDONIA,-10.1667,-64.955,1
ro_2002,2002,3,RORAIMA,2.5176659,-60.886673,819
to_2002,2002,3,TOCANTINS,-6.783335,-48.4625,2
am_2002,2002,4,AMAZONAS,-3.05833,-63.65833,2
ma_2002,2002,4,MARANHAO,-3.4404757,-45.28738,7
ma_2002,2002,4,MATO GROSSO,-12.501808,-55.382122,341
pa_2002,2002,4,PARA,-8.166819,-49.723637,11
ro_2002,2002,4,RONDONIA,-10.33389,-62.278885,3
ro_2002,2002,4,RORAIMA,3.0439026,-61.028214,41
am_2002,2002,5,AMAPA,2.7766666,-51.738888,3
am_2002,2002,5,AMAZONAS,-5.85104,-64.30542,8
ma_2002,2002,5,MARANHAO,-4.0414586,-46.39771,8
ma_2002,2002,5,MATO GROSSO,-12.229797,-55.284885,1433
pa_2002,2002,5,PARA,-6.3339815,-50.61111,18
ro_2002,2002,5,RONDONIA,-12.507668,-60.058113,15
to_2002,2002,5,TOCANTINS,-7.220668,-48.458668,5
am_2002,2002,6,AMAZONAS,-8.011,-63.595333,5
ma_2002,2002,6,MARANHAO,-4.541666,-47.387253,26
ma_2002,2002,6,MATO GROSSO,-11.863177,-55.451633,5372
pa_2002,2002,6,PARA,-7.449273,-50.845875,149
ro_2002,2002,6,RONDONIA,-10.716504,-62.403664,143
to_2002,2002,6,TOCANTINS,-7.2219043,-48.40071,7
ac_2002,2002,7,ACRE,-9.386197,-69.23658,76
am_2002,2002,7,AMAPA,0.79211,-51.49189,3
am_2002,2002,7,AMAZONAS,-6.005516,-62.446785,405
ma_2002,2002,7,MARANHAO,-3.6450016,-46.0661,198
ma_2002,2002,7,MATO GROSSO,-11.138792,-56.033382,8408
pa_2002,2002,7,PARA,-5.797776,-51.86362,1982
ro_2002,2002,7,RONDONIA,-10.643773,-62.763287,995
ro_2002,2002,7,RORAIMA,3.5295455,-60.85109,11
to_2002,2002,7,TOCANTINS,-7.021371,-48.47926,27
ac_2002,2002,8,ACRE,-9.333059,-69.36649,1486
am_2002,2002,8,AMAPA,1.2941468,-51.162907,25
am_2002,2002,8,AMAZONAS,-6.49371,-63.174397,2108
ma_2002,2002,8,MARANHAO,-3.6613111,-46.03866,663
ma_2002,2002,8,MATO GROSSO,-10.646819,-55.591125,23642
pa_2002,2002,8,PARA,-7.272872,-51.73723,37926
ro_2002,2002,8,RONDONIA,-10.659393,-62.77549,7375
ro_2002,2002,8,RORAIMA,2.47619,-60.529034,21
to_2002,2002,8,TOCANTINS,-7.1348605,-48.57131,434
ac_2002,2002,9,ACRE,-9.687543,-68.92234,5137
am_2002,2002,9,AMAPA,1.2662907,-50.932022,211
am_2002,2002,9,AMAZONAS,-6.426119,-63.846832,3679
ma_2002,2002,9,MARANHAO,-3.7022548,-46.244926,1298
ma_2002,2002,9,MATO GROSSO,-11.716144,-56.02653,23385
pa_2002,2002,9,PARA,-5.8943624,-50.456673,22054
ro_2002,2002,9,RONDONIA,-11.007744,-62.702072,22133
ro_2002,2002,9,RORAIMA,3.41929,-60.628426,131
to_2002,2002,9,TOCANTINS,-7.3616185,-48.640217,1490
ac_2002,2002,10,ACRE,-9.814015,-68.63091,1129
am_2002,2002,10,AMAPA,1.5737435,-51.220284,894
am_2002,2002,10,AMAZONAS,-4.605382,-61.035305,2297
ma_2002,2002,10,MARANHAO,-4.1706867,-46.23403,4909
ma_2002,2002,10,MATO GROSSO,-12.293828,-56.839622,13177
pa_2002,2002,10,PARA,-4.1617956,-50.611927,15718
ro_2002,2002,10,RONDONIA,-11.027984,-62.77094,7305
ro_2002,2002,10,RORAIMA,3.4582577,-60.544346,309
to_2002,2002,10,TOCANTINS,-6.4857802,-48.43861,591
ac_2002,2002,11,ACRE,-10.0419655,-68.49624,153
am_2002,2002,11,AMAPA,0.8939778,-51.139946,2148
am_2002,2002,11,AMAZONAS,-3.4985902,-59.678833,1395
ma_2002,2002,11,MARANHAO,-3.525172,-45.85358,9251
ma_2002,2002,11,MATO GROSSO,-12.707937,-56.45948,2851
pa_2002,2002,11,PARA,-2.8213842,-50.778366,20777
ro_2002,2002,11,RONDONIA,-11.063594,-62.79002,1026
ro_2002,2002,11,RORAIMA,2.9997685,-60.42109,288
to_2002,2002,11,TOCANTINS,-6.489298,-48.457928,28
ac_2002,2002,12,ACRE,-9.497666,-69.882,3
am_2002,2002,12,AMAPA,0.5553517,-51.16258,437
am_2002,2002,12,AMAZONAS,-2.8637714,-60.164112,280
ma_2002,2002,12,MARANHAO,-3.0033443,-45.820103,4422
ma_2002,2002,12,MATO GROSSO,-12.367553,-55.55496,908
pa_2002,2002,12,PARA,-2.582711,-49.9979,7936
ro_2002,2002,12,RONDONIA,-11.689765,-62.651867,122
ro_2002,2002,12,RORAIMA,1.9004779,-60.29448,447
to_2002,2002,12,TOCANTINS,-6.728524,-48.599525,14
ac_2003,2003,1,ACRE,-8.158643,-71.77479,14
am_2003,2003,1,AMAPA,-0.2975143,-51.711227,35
am_2003,2003,1,AMAZONAS,-1.9383852,-63.47632,379
ma_2003,2003,1,MARANHAO,-3.2678738,-46.07247,404
ma_2003,2003,1,MATO GROSSO,-12.41411,-55.1411,597
pa_2003,2003,1,PARA,-2.619302,-50.263695,1440
ro_2003,2003,1,RONDONIA,-11.107957,-63.497665,69
ro_2003,2003,1,RORAIMA,1.809795,-60.516045,761
to_2003,2003,1,TOCANTINS,-7.1002,-48.6262,5
am_2003,2003,2,AMAZONAS,-0.8021938,-64.20937,129
ma_2003,2003,2,MARANHAO,-4.881,-45.598,1
ma_2003,2003,2,MATO GROSSO,-12.426283,-55.577103,343
pa_2003,2003,2,PARA,-4.4715652,-51.740913,23
ro_2003,2003,2,RONDONIA,-11.546714,-63.001,14
ro_2003,2003,2,RORAIMA,1.8526454,-60.755096,1063
am_2003,2003,3,AMAPA,1.3802,-51.5178,5
am_2003,2003,3,AMAZONAS,-1.5317979,-64.135254,94
ma_2003,2003,3,MARANHAO,-3.7925,-45.9965,2
ma_2003,2003,3,MATO GROSSO,-12.503953,-55.389214,364
pa_2003,2003,3,PARA,-2.5205715,-51.58364,28
ro_2003,2003,3,RONDONIA,-11.054833,-62.106335,12
ro_2003,2003,3,RORAIMA,2.4464045,-61.181976,1486
to_2003,2003,3,TOCANTINS,-6.4213333,-48.9385,6
ac_2003,2003,4,ACRE,-9.6902,-70.201,5
am_2003,2003,4,AMAPA,1.2426667,-50.763668,3
am_2003,2003,4,AMAZONAS,-2.7949524,-62.474308,42
ma_2003,2003,4,MARANHAO,-3.7715,-45.952667,6
ma_2003,2003,4,MATO GROSSO,-12.39604,-54.980583,596
pa_2003,2003,4,PARA,-4.082643,-49.53043,14
ro_2003,2003,4,RONDONIA,-11.266334,-62.541443,18
ro_2003,2003,4,RORAIMA,2.7132769,-61.04947,354
ac_2003,2003,5,ACRE,-9.949278,-68.9,18
am_2003,2003,5,AMAPA,-0.465,-51.853,1
am_2003,2003,5,AMAZONAS,-5.5855,-62.205418,24
ma_2003,2003,5,MARANHAO,-3.0955715,-45.943172,35
ma_2003,2003,5,MATO GROSSO,-12.248965,-55.034615,1684
pa_2003,2003,5,PARA,-3.3528662,-49.81558,112
ro_2003,2003,5,RONDONIA,-11.255823,-62.062824,102
ro_2003,2003,5,RORAIMA,3.7321668,-61.038166,6
to_2003,2003,5,TOCANTINS,-8.102,-49.04,1
ac_2003,2003,6,ACRE,-9.3660555,-69.24089,18
am_2003,2003,6,AMAPA,0.882,-51.104,3
am_2003,2003,6,AMAZONAS,-3.764139,-60.065,36
ma_2003,2003,6,MARANHAO,-3.18075,-45.972656,76
ma_2003,2003,6,MATO GROSSO,-12.07099,-55.273247,6072
pa_2003,2003,6,PARA,-4.0282755,-49.539864,403
ro_2003,2003,6,RONDONIA,-11.888598,-61.765213,229
ro_2003,2003,6,RORAIMA,3.112,-61.13625,4
to_2003,2003,6,TOCANTINS,-7.789143,-48.425858,7
ac_2003,2003,7,ACRE,-9.594759,-68.74016,427
am_2003,2003,7,AMAPA,0.245,-50.964,1
am_2003,2003,7,AMAZONAS,-6.9315085,-62.881195,655
ma_2003,2003,7,MARANHAO,-3.8874469,-45.99481,226
ma_2003,2003,7,MATO GROSSO,-11.332508,-56.068527,9058
pa_2003,2003,7,PARA,-6.1485133,-52.450764,3814
ro_2003,2003,7,RONDONIA,-10.877725,-62.719353,1673
to_2003,2003,7,TOCANTINS,-7.212953,-48.43775,64
ac_2003,2003,8,ACRE,-9.5301485,-68.89688,3163
am_2003,2003,8,AMAPA,1.086,-51.217285,21
am_2003,2003,8,AMAZONAS,-7.593765,-64.61716,3017
ma_2003,2003,8,MARANHAO,-3.4285674,-45.718056,356
ma_2003,2003,8,MATO GROSSO,-10.8349495,-57.26947,10224
pa_2003,2003,8,PARA,-6.908969,-51.98416,8875
ro_2003,2003,8,RONDONIA,-10.588215,-62.980167,9049
ro_2003,2003,8,RORAIMA,1.6113334,-60.506332,6
to_2003,2003,8,TOCANTINS,-6.9697776,-48.542072,54
ac_2003,2003,9,ACRE,-9.567954,-69.16888,5803
am_2003,2003,9,AMAPA,1.4439408,-51.05149,135
am_2003,2003,9,AMAZONAS,-6.9408503,-64.97141,2594
ma_2003,2003,9,MARANHAO,-3.7474508,-45.97908,672
ma_2003,2003,9,MATO GROSSO,-11.067409,-55.677338,14666
pa_2003,2003,9,PARA,-6.645189,-50.84045,12633
ro_2003,2003,9,RONDONIA,-11.075364,-62.839016,10774
ro_2003,2003,9,RORAIMA,2.4935,-60.610874,8
to_2003,2003,9,TOCANTINS,-7.157988,-48.607628,504
ac_2003,2003,10,ACRE,-9.6583,-69.096054,1041
am_2003,2003,10,AMAPA,1.5644715,-51.19236,526
am_2003,2003,10,AMAZONAS,-4.8708954,-61.641434,1851
ma_2003,2003,10,MARANHAO,-4.300422,-46.06665,3069
ma_2003,2003,10,MATO GROSSO,-12.55322,-57.150726,4384
pa_2003,2003,10,PARA,-3.8859577,-51.19279,6673
ro_2003,2003,10,RONDONIA,-10.926759,-63.073868,7591
ro_2003,2003,10,RORAIMA,2.162875,-60.728207,24
to_2003,2003,10,TOCANTINS,-6.63161,-48.536636,182
ac_2003,2003,11,ACRE,-8.157534,-71.86487,30
am_2003,2003,11,AMAPA,1.0592668,-51.244434,1117
am_2003,2003,11,AMAZONAS,-3.5527885,-60.052517,780
ma_2003,2003,11,MARANHAO,-3.7418904,-45.95081,4517
ma_2003,2003,11,MATO GROSSO,-12.274799,-56.34643,1626
pa_2003,2003,11,PARA,-2.6559923,-50.398457,10732
ro_2003,2003,11,RONDONIA,-11.21055,-62.872395,749
ro_2003,2003,11,RORAIMA,2.6119423,-60.721405,52
to_2003,2003,11,TOCANTINS,-6.1561427,-48.408714,28
ac_2003,2003,12,ACRE,-9.5165,-69.26825,4
am_2003,2003,12,AMAPA,0.7553797,-51.080925,669
am_2003,2003,12,AMAZONAS,-3.1686423,-60.37556,590
ma_2003,2003,12,MARANHAO,-3.1697757,-45.87586,2672
ma_2003,2003,12,MATO GROSSO,-12.322865,-55.569195,1099
pa_2003,2003,12,PARA,-2.4898534,-50.675167,8293
ro_2003,2003,12,RONDONIA,-11.382573,-62.924255,253
ro_2003,2003,12,RORAIMA,2.6800494,-60.27845,223
to_2003,2003,12,TOCANTINS,-7.0298,-48.5433,10
am_2004,2004,1,AMAPA,0.13186207,-51.642086,58
am_2004,2004,1,AMAZONAS,-0.7619639,-64.50315,277
ma_2004,2004,1,MARANHAO,-3.1337025,-45.985558,242
ma_2004,2004,1,MATO GROSSO,-12.428064,-55.52833,171
pa_2004,2004,1,PARA,-2.3700776,-50.86759,875
ro_2004,2004,1,RONDONIA,-11.770258,-63.30655,31
ro_2004,2004,1,RORAIMA,2.3212395,-60.24496,522
to_2004,2004,1,TOCANTINS,-6.3745,-48.1895,2
ac_2004,2004,2,ACRE,-8.15075,-72.61125,4
am_2004,2004,2,AMAPA,0.686,-50.987,1
am_2004,2004,2,AMAZONAS,-0.37227133,-64.020355,129
ma_2004,2004,2,MARANHAO,-4.4713335,-45.996,6
ma_2004,2004,2,MATO GROSSO,-12.654784,-55.526863,264
pa_2004,2004,2,PARA,-3.5081944,-51.670944,36
ro_2004,2004,2,RONDONIA,-10.417937,-63.914936,16
ro_2004,2004,2,RORAIMA,2.580166,-60.44234,349
am_2004,2004,3,AMAZONAS,-2.34345,-64.9055,20
ma_2004,2004,3,MARANHAO,-3.0525,-46.333,4
ma_2004,2004,3,MATO GROSSO,-12.631334,-55.48069,506
pa_2004,2004,3,PARA,-3.461724,-49.87593,29
ro_2004,2004,3,RONDONIA,-11.5345,-62.53227,26
ro_2004,2004,3,RORAIMA,1.8030022,-60.48541,449
to_2004,2004,3,TOCANTINS,-7.817,-48.8,1
ac_2004,2004,4,ACRE,-10.8874445,-68.537,9
am_2004,2004,4,AMAPA,-0.93,-52.327,1
am_2004,2004,4,AMAZONAS,-2.4366539,-64.03781,26
ma_2004,2004,4,MARANHAO,-4.111857,-46.219715,7
ma_2004,2004,4,MATO GROSSO,-12.575739,-55.234585,616
pa_2004,2004,4,PARA,-3.2560983,-52.22369,61
ro_2004,2004,4,RONDONIA,-11.388889,-62.80363,27
ro_2004,2004,4,RORAIMA,2.5187175,-60.718395,262
to_2004,2004,4,TOCANTINS,-7.142,-48.649,3
ac_2004,2004,5,ACRE,-9.346143,-70.78795,21
am_2004,2004,5,AMAPA,-0.919,-52.286,1
am_2004,2004,5,AMAZONAS,-3.4115455,-60.931,11
ma_2004,2004,5,MARANHAO,-3.1031296,-45.68552,54
ma_2004,2004,5,MATO GROSSO,-12.295296,-55.007946,2803
pa_2004,2004,5,PARA,-3.4724455,-49.818306,193
ro_2004,2004,5,RONDONIA,-11.988375,-61.703342,32
ro_2004,2004,5,RORAIMA,2.7832222,-60.479332,9
to_2004,2004,5,TOCANTINS,-6.9152856,-48.66157,7
ac_2004,2004,6,ACRE,-9.390833,-69.6865,12
am_2004,2004,6,AMAPA,1.4738572,-51.05957,7
am_2004,2004,6,AMAZONAS,-5.6699533,-61.418163,43
ma_2004,2004,6,MARANHAO,-3.151224,-46.020073,67
ma_2004,2004,6,MATO GROSSO,-12.09172,-55.184566,8101
pa_2004,2004,6,PARA,-4.456714,-49.92332,637
ro_2004,2004,6,RONDONIA,-11.555913,-61.905815,287
ro_2004,2004,6,RORAIMA,3.9513333,-61.09722,9
to_2004,2004,6,TOCANTINS,-7.385125,-48.514313,16
ac_2004,2004,7,ACRE,-9.350074,-68.9904,95
am_2004,2004,7,AMAPA,1.07,-50.5735,4
am_2004,2004,7,AMAZONAS,-6.6291976,-61.959282,364
ma_2004,2004,7,MARANHAO,-3.8337834,-46.013794,194
ma_2004,2004,7,MATO GROSSO,-11.583482,-55.881535,10159
pa_2004,2004,7,PARA,-6.5030007,-53.034252,6620
ro_2004,2004,7,RONDONIA,-10.751816,-62.735996,1722
ro_2004,2004,7,RORAIMA,2.89,-60.881,2
to_2004,2004,7,TOCANTINS,-6.8967366,-48.261368,19
ac_2004,2004,8,ACRE,-9.649285,-68.87488,1003
am_2004,2004,8,AMAPA,1.3353333,-51.039944,18
am_2004,2004,8,AMAZONAS,-6.877054,-61.945656,1850
ma_2004,2004,8,MARANHAO,-3.6070495,-45.650368,343
ma_2004,2004,8,MATO GROSSO,-10.688378,-57.04871,12906
pa_2004,2004,8,PARA,-7.1849456,-52.62742,17861
ro_2004,2004,8,RONDONIA,-10.765646,-62.717262,9235
ro_2004,2004,8,RORAIMA,2.9545908,-61.06273,22
to_2004,2004,8,TOCANTINS,-7.006805,-48.501965,82
ac_2004,2004,9,ACRE,-9.835523,-68.803955,5458
am_2004,2004,9,AMAPA,1.304812,-51.116444,117
am_2004,2004,9,AMAZONAS,-7.454401,-64.924866,2436
ma_2004,2004,9,MARANHAO,-3.7074876,-46.024136,568
ma_2004,2004,9,MATO GROSSO,-11.093895,-56.204235,24886
pa_2004,2004,9,PARA,-6.7706466,-51.078457,14249
ro_2004,2004,9,RONDONIA,-10.868932,-62.798454,23414
ro_2004,2004,9,RORAIMA,3.4658666,-60.951668,15
to_2004,2004,9,TOCANTINS,-7.231963,-48.556995,379
ac_2004,2004,10,ACRE,-10.121528,-68.81081,633
am_2004,2004,10,AMAPA,1.6645505,-51.228775,534
am_2004,2004,10,AMAZONAS,-4.6844687,-61.647137,1564
ma_2004,2004,10,MARANHAO,-4.057434,-46.1748,1295
ma_2004,2004,10,MATO GROSSO,-12.359802,-56.73947,7122
pa_2004,2004,10,PARA,-3.7254615,-50.791653,7464
ro_2004,2004,10,RONDONIA,-11.077038,-62.78188,5086
ro_2004,2004,10,RORAIMA,3.633169,-60.565636,71
to_2004,2004,10,TOCANTINS,-6.7926917,-48.46303,159
ac_2004,2004,11,ACRE,-9.15076,-70.5712,25
am_2004,2004,11,AMAPA,1.1505171,-51.278225,1406
am_2004,2004,11,AMAZONAS,-3.4415708,-59.379498,988
ma_2004,2004,11,MARANHAO,-3.8214273,-45.95594,5214
ma_2004,2004,11,MATO GROSSO,-12.436352,-55.981537,1886
pa_2004,2004,11,PARA,-2.7990835,-51.080597,15958
ro_2004,2004,11,RONDONIA,-10.987007,-62.955185,680
ro_2004,2004,11,RORAIMA,3.2672381,-60.412586,210
to_2004,2004,11,TOCANTINS,-6.4574037,-48.423965,57
ac_2004,2004,12,ACRE,-10.345181,-68.19936,11
am_2004,2004,12,AMAPA,1.2565584,-51.158947,1266
am_2004,2004,12,AMAZONAS,-2.76972,-59.808884,375
ma_2004,2004,12,MARANHAO,-3.4205952,-45.882572,3449
ma_2004,2004,12,MATO GROSSO,-12.380083,-56.05042,1002
pa_2004,2004,12,PARA,-2.3367088,-50.803627,10231
ro_2004,2004,12,RONDONIA,-11.043612,-62.639954,268
ro_2004,2004,12,RORAIMA,3.3360598,-60.530952,301
to_2004,2004,12,TOCANTINS,-6.4560475,-48.38424,21
ac_2005,2005,1,ACRE,-8.06545,-72.0865,20
am_2005,2005,1,AMAPA,1.0062371,-50.94355,194
am_2005,2005,1,AMAZONAS,-2.779191,-60.086197,225
ma_2005,2005,1,MARANHAO,-3.1671977,-45.91591,435
ma_2005,2005,1,MATO GROSSO,-12.422313,-55.488445,297
pa_2005,2005,1,PARA,-2.666797,-51.71339,2861
ro_2005,2005,1,RONDONIA,-10.82868,-63.9459,122
ro_2005,2005,1,RORAIMA,1.8440775,-60.19509,155
to_2005,2005,1,TOCANTINS,-7.2868,-48.6426,5
am_2005,2005,2,AMAPA,0.422,-51.388,1
am_2005,2005,2,AMAZONAS,-3.0134375,-61.906376,16
ma_2005,2005,2,MARANHAO,-3.7824118,-46.571148,34
ma_2005,2005,2,MATO GROSSO,-12.648772,-55.35712,628
pa_2005,2005,2,PARA,-3.4557602,-50.278637,121
ro_2005,2005,2,RONDONIA,-12.169634,-61.88217,41
ro_2005,2005,2,RORAIMA,1.7966859,-60.242714,207
ac_2005,2005,3,ACRE,-8.7806,-70.1262,5
am_2005,2005,3,AMAZONAS,-1.4386,-68.41513,15
ma_2005,2005,3,MARANHAO,-3.535,-46.715332,3
ma_2005,2005,3,MATO GROSSO,-12.803102,-54.984684,246
pa_2005,2005,3,PARA,-3.150625,-50.29431,32
ro_2005,2005,3,RONDONIA,-12.113188,-61.445564,16
ro_2005,2005,3,RORAIMA,2.5743787,-60.816296,441
ac_2005,2005,4,ACRE,-10.807,-69.092,2
am_2005,2005,4,AMAZONAS,-2.434125,-66.35025,8
ma_2005,2005,4,MARANHAO,-3.85025,-46.334415,12
ma_2005,2005,4,MATO GROSSO,-12.468983,-55.159508,681
pa_2005,2005,4,PARA,-5.695372,-51.090324,43
ro_2005,2005,4,RONDONIA,-11.813,-62.11754,26
ro_2005,2005,4,RORAIMA,2.8221965,-60.69709,56
to_2005,2005,4,TOCANTINS,-7.5115,-48.275,4
ac_2005,2005,5,ACRE,-9.607823,-69.935295,17
am_2005,2005,5,AMAPA,0.647,-51.041,1
am_2005,2005,5,AMAZONAS,-4.424,-61.985973,36
ma_2005,2005,5,MARANHAO,-4.4541335,-46.4528,15
ma_2005,2005,5,MATO GROSSO,-12.428143,-55.74338,1502
pa_2005,2005,5,PARA,-5.255921,-50.389286,101
ro_2005,2005,5,RONDONIA,-11.454099,-62.491493,61
ro_2005,2005,5,RORAIMA,3.1026666,-60.465332,6
to_2005,2005,5,TOCANTINS,-7.74,-48.764,7
ac_2005,2005,6,ACRE,-9.5044,-69.51564,75
am_2005,2005,6,AMAPA,1.6883334,-51.072666,3
am_2005,2005,6,AMAZONAS,-6.9880385,-64.17614,130
ma_2005,2005,6,MARANHAO,-4.1314683,-46.371456,94
ma_2005,2005,6,MATO GROSSO,-12.118843,-56.04645,1710
pa_2005,2005,6,PARA,-4.5177164,-50.199574,656
ro_2005,2005,6,RONDONIA,-10.958832,-62.910217,261
ro_2005,2005,6,RORAIMA,2.963,-60.5551,10
to_2005,2005,6,TOCANTINS,-6.6948,-48.310867,15
ac_2005,2005,7,ACRE,-9.111642,-69.6571,1136
am_2005,2005,7,AMAPA,0.199,-51.279,1
am_2005,2005,7,AMAZONAS,-7.6299095,-64.46906,1894
ma_2005,2005,7,MARANHAO,-3.8358183,-45.9945,209
ma_2005,2005,7,MATO GROSSO,-10.996418,-56.811592,4655
pa_2005,2005,7,PARA,-6.1978836,-52.53134,9464
ro_2005,2005,7,RONDONIA,-10.255334,-63.55113,1947
ro_2005,2005,7,RORAIMA,4.151,-60.669876,8
to_2005,2005,7,TOCANTINS,-6.78328,-48.48694,50
ac_2005,2005,8,ACRE,-9.354216,-69.1344,7669
am_2005,2005,8,AMAPA,0.43733335,-50.974934,15
am_2005,2005,8,AMAZONAS,-7.3968687,-64.585754,5981
ma_2005,2005,8,MARANHAO,-3.9694722,-45.946896,358
ma_2005,2005,8,MATO GROSSO,-10.516064,-57.329258,13065
pa_2005,2005,8,PARA,-6.7674766,-52.12531,23635
ro_2005,2005,8,RONDONIA,-10.4014845,-63.45692,12798
ro_2005,2005,8,RORAIMA,2.2764375,-60.445187,16
to_2005,2005,8,TOCANTINS,-6.485533,-48.45024,227
ac_2005,2005,9,ACRE,-9.73774,-68.92245,6092
am_2005,2005,9,AMAPA,1.321259,-51.14313,139
am_2005,2005,9,AMAZONAS,-7.247653,-64.34406,4931
ma_2005,2005,9,MARANHAO,-4.237065,-46.378727,1047
ma_2005,2005,9,MATO GROSSO,-10.94181,-56.687458,22116
pa_2005,2005,9,PARA,-6.3135033,-51.05848,12728
ro_2005,2005,9,RONDONIA,-10.782974,-62.966877,20902
ro_2005,2005,9,RORAIMA,3.605213,-60.64022,108
to_2005,2005,9,TOCANTINS,-6.999089,-48.610004,497
ac_2005,2005,10,ACRE,-10.109538,-68.48101,943
am_2005,2005,10,AMAPA,1.7826247,-51.30018,509
am_2005,2005,10,AMAZONAS,-4.762505,-61.541874,1499
ma_2005,2005,10,MARANHAO,-4.1596293,-46.087864,2770
ma_2005,2005,10,MATO GROSSO,-11.796964,-55.92332,7057
pa_2005,2005,10,PARA,-4.227773,-50.85004,8689
ro_2005,2005,10,RONDONIA,-10.784621,-62.844673,4718
ro_2005,2005,10,RORAIMA,3.0634959,-60.61147,121
to_2005,2005,10,TOCANTINS,-7.083742,-48.53827,318
ac_2005,2005,11,ACRE,-9.746815,-69.21807,27
am_2005,2005,11,AMAPA,1.0249525,-51.270744,1054
am_2005,2005,11,AMAZONAS,-3.7473204,-59.503292,833
ma_2005,2005,11,MARANHAO,-3.7167635,-45.858383,3498
ma_2005,2005,11,MATO GROSSO,-11.947782,-56.35252,1136
pa_2005,2005,11,PARA,-2.7205017,-50.573727,9368
ro_2005,2005,11,RONDONIA,-10.534954,-62.792606,671
ro_2005,2005,11,RORAIMA,2.8911772,-60.22448,175
to_2005,2005,11,TOCANTINS,-6.425607,-48.430573,28
ac_2005,2005,12,ACRE,-9.048715,-70.09271,7
am_2005,2005,12,AMAPA,0.6363204,-51.391426,103
am_2005,2005,12,AMAZONAS,-4.2504735,-61.442867,76
ma_2005,2005,12,MARANHAO,-3.2875671,-45.89727,2345
ma_2005,2005,12,MATO GROSSO,-12.775,-55.97754,396
pa_2005,2005,12,PARA,-2.1981037,-49.638725,3779
ro_2005,2005,12,RONDONIA,-10.506757,-63.430347,78
ro_2005,2005,12,RORAIMA,3.6119938,-60.27288,158
to_2005,2005,12,TOCANTINS,-7.1515,-48.780083,24
ac_2006,2006,1,ACRE,-7.6621428,-72.896,7
am_2006,2006,1,AMAPA,0.651,-51.3182,10
am_2006,2006,1,AMAZONAS,-3.3773544,-61.87744,79
ma_2006,2006,1,MARANHAO,-3.3410614,-46.151234,179
ma_2006,2006,1,MATO GROSSO,-12.140625,-54.756527,720
pa_2006,2006,1,PARA,-3.0421648,-50.52057,855
ro_2006,2006,1,RONDONIA,-10.117357,-63.48093,14
ro_2006,2006,1,RORAIMA,2.9382958,-60.28105,98
to_2006,2006,1,TOCANTINS,-7.115,-48.705364,11
ac_2006,2006,2,ACRE,-8.191,-70.55,1
am_2006,2006,2,AMAPA,-0.716,-52.313,1
am_2006,2006,2,AMAZONAS,-3.7449677,-61.339935,31
ma_2006,2006,2,MARANHAO,-3.8186667,-46.558556,9
ma_2006,2006,2,MATO GROSSO,-12.559177,-55.297142,265
pa_2006,2006,2,PARA,-2.8619273,-50.088673,110
ro_2006,2006,2,RONDONIA,-11.504369,-61.607525,19
ro_2006,2006,2,RORAIMA,1.940204,-60.34251,441
to_2006,2006,2,TOCANTINS,-6.1585,-48.1075,2
am_2006,2006,3,AMAZONAS,-1.8144333,-65.37763,30
ma_2006,2006,3,MARANHAO,-3.6333334,-46.671665,3
ma_2006,2006,3,MATO GROSSO,-12.59691,-54.975906,312
pa_2006,2006,3,PARA,-2.1341667,-51.104668,18
ro_2006,2006,3,RONDONIA,-10.579866,-62.6286,15
ro_2006,2006,3,RORAIMA,2.1811259,-60.52919,524
to_2006,2006,3,TOCANTINS,-6.866,-48.019,1
ac_2006,2006,4,ACRE,-10.8875,-68.7185,2
am_2006,2006,4,AMAPA,-0.50325,-51.723,4
am_2006,2006,4,AMAZONAS,-1.7054642,-64.23379,28
ma_2006,2006,4,MARANHAO,-4.0925,-45.336,2
ma_2006,2006,4,MATO GROSSO,-12.66686,-55.884468,277
pa_2006,2006,4,PARA,-4.9000907,-52.95418,11
ro_2006,2006,4,RONDONIA,-11.523334,-62.29778,9
ro_2006,2006,4,RORAIMA,2.6134307,-60.802742,376
ac_2006,2006,5,ACRE,-8.720655,-71.18976,58
am_2006,2006,5,AMAZONAS,-6.4721,-67.93375,20
ma_2006,2006,5,MARANHAO,-3.3584092,-45.84391,22
ma_2006,2006,5,MATO GROSSO,-12.626186,-55.79841,624
pa_2006,2006,5,PARA,-2.714,-47.757874,8
ro_2006,2006,5,RONDONIA,-10.942076,-63.04901,105
ro_2006,2006,5,RORAIMA,3.4144,-60.9682,5
to_2006,2006,5,TOCANTINS,-7.432,-48.294,1
ac_2006,2006,6,ACRE,-8.353265,-71.488205,34
am_2006,2006,6,AMAZONAS,-4.983968,-61.482967,156
ma_2006,2006,6,MARANHAO,-3.6087646,-45.920437,85
ma_2006,2006,6,MATO GROSSO,-12.032285,-55.683605,1579
pa_2006,2006,6,PARA,-3.8363001,-49.369736,423
ro_2006,2006,6,RONDONIA,-10.770108,-63.065178,232
to_2006,2006,6,TOCANTINS,-7.4626155,-48.440693,13
ac_2006,2006,7,ACRE,-8.915742,-70.53183,186
am_2006,2006,7,AMAZONAS,-6.307798,-62.183044,574
ma_2006,2006,7,MARANHAO,-4.0344534,-46.245453,161
ma_2006,2006,7,MATO GROSSO,-11.412909,-56.252293,3031
pa_2006,2006,7,PARA,-5.2437615,-51.755566,1955
ro_2006,2006,7,RONDONIA,-10.2347765,-63.288654,1057
ro_2006,2006,7,RORAIMA,-1.118,-61.589,1
to_2006,2006,7,TOCANTINS,-7.9692,-48.584465,30
ac_2006,2006,8,ACRE,-8.768531,-70.57589,1507
am_2006,2006,8,AMAPA,1.1990371,-51.063072,27
am_2006,2006,8,AMAZONAS,-6.9279785,-62.899677,3399
ma_2006,2006,8,MARANHAO,-3.8429966,-46.23701,304
ma_2006,2006,8,MATO GROSSO,-10.555764,-57.111973,7483
pa_2006,2006,8,PARA,-6.526728,-52.573807,15064
ro_2006,2006,8,RONDONIA,-10.205561,-63.474434,6347
ro_2006,2006,8,RORAIMA,3.1415238,-60.961143,21
to_2006,2006,8,TOCANTINS,-6.8437676,-48.44452,56
ac_2006,2006,9,ACRE,-9.225774,-69.48016,3737
am_2006,2006,9,AMAPA,1.3329623,-50.968124,159
am_2006,2006,9,AMAZONAS,-6.693355,-63.9369,4254
ma_2006,2006,9,MARANHAO,-3.7174094,-46.233814,364
ma_2006,2006,9,MATO GROSSO,-10.9165325,-56.53859,14105
pa_2006,2006,9,PARA,-6.1326222,-51.525265,13225
ro_2006,2006,9,RONDONIA,-10.716143,-63.12307,14938
ro_2006,2006,9,RORAIMA,2.6821606,-60.641964,56
to_2006,2006,9,TOCANTINS,-7.176995,-48.57651,190
ac_2006,2006,10,ACRE,-10.08591,-68.83564,600
am_2006,2006,10,AMAPA,1.4455274,-51.23339,565
am_2006,2006,10,AMAZONAS,-3.8518002,-60.016613,2181
ma_2006,2006,10,MARANHAO,-3.9217932,-46.21196,1189
ma_2006,2006,10,MATO GROSSO,-11.170265,-56.90351,2216
pa_2006,2006,10,PARA,-3.8336964,-52.221935,9346
ro_2006,2006,10,RONDONIA,-10.346019,-63.111427,1895
ro_2006,2006,10,RORAIMA,2.6630683,-60.325825,161
to_2006,2006,10,TOCANTINS,-6.655936,-48.51429,156
ac_2006,2006,11,ACRE,-9.8083935,-68.717064,66
am_2006,2006,11,AMAPA,1.1367174,-51.159855,637
am_2006,2006,11,AMAZONAS,-3.7884371,-59.937904,588
ma_2006,2006,11,MARANHAO,-3.8224645,-45.98561,3391
ma_2006,2006,11,MATO GROSSO,-12.36242,-55.846176,1949
pa_2006,2006,11,PARA,-2.8730423,-50.84634,9684
ro_2006,2006,11,RONDONIA,-11.242417,-62.893063,1027
ro_2006,2006,11,RORAIMA,3.1425939,-60.462574,96
to_2006,2006,11,TOCANTINS,-6.6334167,-48.420277,36
am_2006,2006,12,AMAPA,0.6474847,-51.42554,262
am_2006,2006,12,AMAZONAS,-2.9517956,-59.366234,357
ma_2006,2006,12,MARANHAO,-3.1146894,-45.886246,2176
ma_2006,2006,12,MATO GROSSO,-12.172103,-55.319847,184
pa_2006,2006,12,PARA,-2.3998575,-50.08516,5141
ro_2006,2006,12,RONDONIA,-11.448659,-62.7689,41
ro_2006,2006,12,RORAIMA,2.4138293,-60.26279,410
to_2006,2006,12,TOCANTINS,-6.645875,-48.405376,8
ac_2007,2007,1,ACRE,-7.633,-73.007,1
am_2007,2007,1,AMAPA,0.14,-51.2245,12
am_2007,2007,1,AMAZONAS,-2.6886888,-64.600624,106
ma_2007,2007,1,MARANHAO,-2.94049,-45.97893,347
ma_2007,2007,1,MATO GROSSO,-12.104922,-54.694435,296
pa_2007,2007,1,PARA,-2.4480772,-50.505703,817
ro_2007,2007,1,RONDONIA,-10.618296,-63.183342,44
ro_2007,2007,1,RORAIMA,2.5443993,-60.47203,288
to_2007,2007,1,TOCANTINS,-6.9662857,-48.657288,7
ac_2007,2007,2,ACRE,-7.736357,-72.443,14
am_2007,2007,2,AMAPA,-0.919,-52.306,1
am_2007,2007,2,AMAZONAS,-1.075006,-64.94885,167
ma_2007,2007,2,MARANHAO,-3.8053334,-46.18,3
ma_2007,2007,2,MATO GROSSO,-12.771831,-55.897415,183
pa_2007,2007,2,PARA,-2.7986155,-52.060307,39
ro_2007,2007,2,RONDONIA,-10.5202,-63.6208,5
ro_2007,2007,2,RORAIMA,1.9164752,-60.627953,1347
to_2007,2007,2,TOCANTINS,-7.297,-48.5435,2
ac_2007,2007,3,ACRE,-7.741,-72.8312,5
am_2007,2007,3,AMAPA,1.8105,-50.2685,2
am_2007,2007,3,AMAZONAS,-1.7255714,-65.77515,14
ma_2007,2007,3,MARANHAO,-4.65,-47.049,2
ma_2007,2007,3,MATO GROSSO,-12.586374,-55.26234,436
pa_2007,2007,3,PARA,-5.9194117,-51.730766,17
ro_2007,2007,3,RONDONIA,-10.990846,-62.39177,26
ro_2007,2007,3,RORAIMA,2.6599686,-61.11769,927
to_2007,2007,3,TOCANTINS,-5.3445,-48.5595,2
ac_2007,2007,4,ACRE,-10.3095,-68.949875,8
am_2007,2007,4,AMAZONAS,-3.726389,-62.831,18
ma_2007,2007,4,MARANHAO,-2.922,-45.8115,2
ma_2007,2007,4,MATO GROSSO,-12.359848,-55.536316,520
pa_2007,2007,4,PARA,-5.704765,-52.095825,17
ro_2007,2007,4,RONDONIA,-10.777223,-63.319,9
ro_2007,2007,4,RORAIMA,2.688538,-61.080418,184
to_2007,2007,4,TOCANTINS,-6.6355,-48.6005,2
ac_2007,2007,5,ACRE,-9.220933,-70.77987,15
am_2007,2007,5,AMAZONAS,-4.1295,-61.6695,16
ma_2007,2007,5,MARANHAO,-3.5163636,-45.61841,22
ma_2007,2007,5,MATO GROSSO,-12.373054,-55.039333,963
pa_2007,2007,5,PARA,-3.9975111,-50.279713,90
ro_2007,2007,5,RONDONIA,-11.724906,-61.838608,64
ro_2007,2007,5,RORAIMA,2.83,-60.903,2
to_2007,2007,5,TOCANTINS,-7.632,-48.926,4
ac_2007,2007,6,ACRE,-8.919868,-70.45195,76
am_2007,2007,6,AMAZONAS,-5.716761,-62.85523,180
ma_2007,2007,6,MARANHAO,-3.8393688,-46.089417,103
ma_2007,2007,6,MATO GROSSO,-12.070338,-55.57161,2164
pa_2007,2007,6,PARA,-4.6027465,-49.927197,671
ro_2007,2007,6,RONDONIA,-11.094136,-62.72077,309
ro_2007,2007,6,RORAIMA,2.134,-60.993,3
to_2007,2007,6,TOCANTINS,-7.871154,-48.685463,13
ac_2007,2007,7,ACRE,-9.10532,-70.06116,181
am_2007,2007,7,AMAPA,1.7649474,-50.904736,19
am_2007,2007,7,AMAZONAS,-6.079379,-63.569107,607
ma_2007,2007,7,MARANHAO,-3.7525923,-45.849316,184
ma_2007,2007,7,MATO GROSSO,-11.680684,-55.68985,2678
pa_2007,2007,7,PARA,-4.8874636,-51.278008,1885
ro_2007,2007,7,RONDONIA,-10.895159,-63.020805,586
ro_2007,2007,7,RORAIMA,2.8332667,-60.7662,15
to_2007,2007,7,TOCANTINS,-7.129439,-48.43049,41
ac_2007,2007,8,ACRE,-9.121382,-69.918434,1942
am_2007,2007,8,AMAPA,1.4863,-51.1427,10
am_2007,2007,8,AMAZONAS,-7.2882385,-62.830788,3990
ma_2007,2007,8,MARANHAO,-4.204867,-46.05949,818
ma_2007,2007,8,MATO GROSSO,-10.797963,-56.543137,11221
pa_2007,2007,8,PARA,-6.9635987,-52.18528,21386
ro_2007,2007,8,RONDONIA,-10.636724,-63.121597,6768
ro_2007,2007,8,RORAIMA,1.2975,-60.54775,4
to_2007,2007,8,TOCANTINS,-6.8303456,-48.467224,246
ac_2007,2007,9,ACRE,-9.545272,-69.25433,5446
am_2007,2007,9,AMAPA,1.6550137,-51.004974,146
am_2007,2007,9,AMAZONAS,-7.2805586,-64.437614,3521
ma_2007,2007,9,MARANHAO,-4.6316776,-46.468594,2554
ma_2007,2007,9,MATO GROSSO,-11.01835,-56.162918,24779
pa_2007,2007,9,PARA,-6.7999697,-50.979267,22055
ro_2007,2007,9,RONDONIA,-10.8277445,-63.116116,14044
ro_2007,2007,9,RORAIMA,2.9783685,-60.855526,19
to_2007,2007,9,TOCANTINS,-6.8781753,-48.52944,577
ac_2007,2007,10,ACRE,-9.969232,-68.81485,823
am_2007,2007,10,AMAPA,1.6905566,-51.307503,485
am_2007,2007,10,AMAZONAS,-4.6921215,-61.09758,1663
ma_2007,2007,10,MARANHAO,-4.2833295,-46.084846,3689
ma_2007,2007,10,MATO GROSSO,-11.344202,-56.366272,8071
pa_2007,2007,10,PARA,-4.4496856,-51.210823,8346
ro_2007,2007,10,RONDONIA,-10.772423,-63.04136,5337
ro_2007,2007,10,RORAIMA,2.5704637,-60.44055,69
to_2007,2007,10,TOCANTINS,-7.193661,-48.62407,248
ac_2007,2007,11,ACRE,-9.743105,-68.72529,38
am_2007,2007,11,AMAPA,1.0734489,-51.25972,753
am_2007,2007,11,AMAZONAS,-3.1580384,-60.03927,833
ma_2007,2007,11,MARANHAO,-3.758165,-45.955067,2929
ma_2007,2007,11,MATO GROSSO,-12.31211,-55.223183,702
pa_2007,2007,11,PARA,-2.7864926,-50.68117,10114
ro_2007,2007,11,RONDONIA,-10.846762,-63.00808,235
ro_2007,2007,11,RORAIMA,2.5990224,-60.176052,357
to_2007,2007,11,TOCANTINS,-6.536375,-48.48217,64
am_2007,2007,12,AMAPA,0.38482141,-51.306305,56
am_2007,2007,12,AMAZONAS,-2.4567304,-61.324707,178
ma_2007,2007,12,MARANHAO,-2.667389,-45.66517,1676
ma_2007,2007,12,MATO GROSSO,-12.330811,-55.43647,386
pa_2007,2007,12,PARA,-2.1000705,-49.45841,3054
ro_2007,2007,12,RONDONIA,-11.53522,-62.8345,50
ro_2007,2007,12,RORAIMA,2.856138,-60.277515,29
to_2007,2007,12,TOCANTINS,-6.21225,-48.450874,8
am_2008,2008,1,AMAPA,0.09825,-51.551,4
am_2008,2008,1,AMAZONAS,-0.9627333,-64.26687,45
ma_2008,2008,1,MARANHAO,-2.98275,-45.812458,120
ma_2008,2008,1,MATO GROSSO,-12.353376,-54.238575,146
pa_2008,2008,1,PARA,-2.6781166,-50.062954,240
ro_2008,2008,1,RONDONIA,-11.728833,-62.129,6
ro_2008,2008,1,RORAIMA,2.2999918,-60.357346,371
to_2008,2008,1,TOCANTINS,-7.004,-48.550667,6
am_2008,2008,2,AMAPA,-0.934,-52.224,1
am_2008,2008,2,AMAZONAS,-1.2802708,-62.47971,48
ma_2008,2008,2,MARANHAO,-4.0551577,-46.695156,19
ma_2008,2008,2,MATO GROSSO,-13.262107,-55.49272,122
pa_2008,2008,2,PARA,-3.3033333,-50.196213,99
ro_2008,2008,2,RONDONIA,-10.8995,-63.05258,12
ro_2008,2008,2,RORAIMA,2.5570314,-60.41894,223
to_2008,2008,2,TOCANTINS,-6.5173335,-48.053,3
ac_2008,2008,3,ACRE,-8.236,-73.038,1
am_2008,2008,3,AMAPA,2.224,-50.9375,2
am_2008,2008,3,AMAZONAS,-0.24648,-66.94616,25
ma_2008,2008,3,MATO GROSSO,-12.527205,-55.410316,117
pa_2008,2008,3,PARA,-3.326182,-51.720726,11
ro_2008,2008,3,RONDONIA,-11.474,-62.296,2
ro_2008,2008,3,RORAIMA,1.9533248,-60.525543,702
ac_2008,2008,4,ACRE,-7.887,-72.438,1
am_2008,2008,4,AMAPA,0.744,-51.3185,2
am_2008,2008,4,AMAZONAS,-0.9677143,-65.78409,35
ma_2008,2008,4,MARANHAO,-4.068625,-45.977123,8
ma_2008,2008,4,MATO GROSSO,-12.582055,-55.467926,219
pa_2008,2008,4,PARA,-3.949,-50.616585,12
ro_2008,2008,4,RONDONIA,-12.39175,-61.272,12
ro_2008,2008,4,RORAIMA,2.6084569,-60.73243,278
to_2008,2008,4,TOCANTINS,-6.6975,-48.053,2
ac_2008,2008,5,ACRE,-10.009913,-69.52074,23
am_2008,2008,5,AMAZONAS,-4.6419168,-61.614834,12
ma_2008,2008,5,MARANHAO,-3.872,-45.685352,17
ma_2008,2008,5,MATO GROSSO,-12.519733,-56.000324,259
pa_2008,2008,5,PARA,-5.365,-50.394234,30
ro_2008,2008,5,RONDONIA,-11.23725,-62.732,20
ro_2008,2008,5,RORAIMA,3.5565,-60.51523,22
ac_2008,2008,6,ACRE,-9.129,-70.49122,18
am_2008,2008,6,AMAPA,0.8325,-50.933,2
am_2008,2008,6,AMAZONAS,-6.5321903,-63.17212,42
ma_2008,2008,6,MARANHAO,-3.39942,-45.90984,50
ma_2008,2008,6,MATO GROSSO,-12.214245,-55.4272,710
pa_2008,2008,6,PARA,-4.391064,-50.14934,328
ro_2008,2008,6,RONDONIA,-11.18243,-62.350773,79
ro_2008,2008,6,RORAIMA,3.3523333,-60.898,3
to_2008,2008,6,TOCANTINS,-7.5933123,-48.98269,16
ac_2008,2008,7,ACRE,-9.204594,-69.57299,165
am_2008,2008,7,AMAPA,0.88925,-51.16475,4
am_2008,2008,7,AMAZONAS,-6.527917,-62.266132,457
ma_2008,2008,7,MARANHAO,-3.5788953,-45.60466,239
ma_2008,2008,7,MATO GROSSO,-11.739926,-56.16043,1506
pa_2008,2008,7,PARA,-5.480572,-52.31161,3020
ro_2008,2008,7,RONDONIA,-10.354499,-62.90879,475
to_2008,2008,7,TOCANTINS,-7.2318573,-48.432373,35
ac_2008,2008,8,ACRE,-8.92963,-70.38008,1621
am_2008,2008,8,AMAPA,1.1912143,-51.13214,14
am_2008,2008,8,AMAZONAS,-7.1742697,-63.081,2538
ma_2008,2008,8,MARANHAO,-3.4226394,-45.60163,269
ma_2008,2008,8,MATO GROSSO,-10.999677,-57.178345,3055
pa_2008,2008,8,PARA,-6.071778,-52.70802,11035
ro_2008,2008,8,RONDONIA,-9.932447,-63.348915,2840
ro_2008,2008,8,RORAIMA,3.242154,-60.74477,13
to_2008,2008,8,TOCANTINS,-7.198117,-48.632984,60
ac_2008,2008,9,ACRE,-9.331973,-69.572586,2947
am_2008,2008,9,AMAPA,1.0114286,-51.14768,133
am_2008,2008,9,AMAZONAS,-7.487525,-64.80911,1716
ma_2008,2008,9,MARANHAO,-2.9442227,-45.660843,404
ma_2008,2008,9,MATO GROSSO,-11.155037,-57.533405,6542
pa_2008,2008,9,PARA,-5.9269614,-51.234257,9463
ro_2008,2008,9,RONDONIA,-10.581432,-63.21759,5111
ro_2008,2008,9,RORAIMA,3.2458334,-60.739735,30
to_2008,2008,9,TOCANTINS,-7.180561,-48.547123,123
ac_2008,2008,10,ACRE,-9.86434,-68.6378,856
am_2008,2008,10,AMAPA,1.3998079,-51.32829,651
am_2008,2008,10,AMAZONAS,-6.2055387,-62.982857,1156
ma_2008,2008,10,MARANHAO,-4.1466804,-46.177666,1251
ma_2008,2008,10,MATO GROSSO,-11.618769,-55.913933,5123
pa_2008,2008,10,PARA,-4.404706,-50.89209,11568
ro_2008,2008,10,RONDONIA,-10.780037,-63.222195,2548
ro_2008,2008,10,RORAIMA,2.9365625,-60.411686,112
to_2008,2008,10,TOCANTINS,-6.7961974,-48.52594,253
ac_2008,2008,11,ACRE,-9.325238,-70.03925,63
am_2008,2008,11,AMAPA,1.2926896,-51.148727,1182
am_2008,2008,11,AMAZONAS,-4.0349064,-60.42924,533
ma_2008,2008,11,MARANHAO,-3.8394942,-45.97616,3037
ma_2008,2008,11,MATO GROSSO,-12.284295,-56.303318,570
pa_2008,2008,11,PARA,-2.626841,-50.892586,9456
ro_2008,2008,11,RONDONIA,-10.772029,-63.3174,420
ro_2008,2008,11,RORAIMA,2.7838423,-60.14283,165
to_2008,2008,11,TOCANTINS,-6.3271666,-48.447582,24
ac_2008,2008,12,ACRE,-7.74675,-72.77075,4
am_2008,2008,12,AMAPA,0.7531582,-51.03067,158
am_2008,2008,12,AMAZONAS,-3.2005,-59.486286,94
ma_2008,2008,12,MARANHAO,-3.0907505,-45.818592,2408
ma_2008,2008,12,MATO GROSSO,-13.137026,-56.8226,233
pa_2008,2008,12,PARA,-2.2810678,-49.428127,3187
ro_2008,2008,12,RONDONIA,-10.803542,-62.628166,24
ro_2008,2008,12,RORAIMA,3.4769678,-60.25458,31
to_2008,2008,12,TOCANTINS,-5.9561667,-48.096333,6
am_2009,2009,1,AMAPA,0.2425,-51.432877,8
am_2009,2009,1,AMAZONAS,-3.4890294,-59.455383,34
ma_2009,2009,1,MARANHAO,-3.0946667,-45.86583,222
ma_2009,2009,1,MATO GROSSO,-12.927527,-55.935562,271
pa_2009,2009,1,PARA,-2.7489035,-49.93942,466
ro_2009,2009,1,RONDONIA,-11.62504,-62.49292,25
ro_2009,2009,1,RORAIMA,3.7074616,-60.610107,65
to_2009,2009,1,TOCANTINS,-7.8085,-48.828,4
ac_2009,2009,2,ACRE,-7.6765,-72.623,2
am_2009,2009,2,AMAZONAS,-4.388,-61.442112,9
ma_2009,2009,2,MARANHAO,-4.372,-47.289,1
ma_2009,2009,2,MATO GROSSO,-12.829762,-55.627605,101
pa_2009,2009,2,PARA,-3.3138077,-51.5925,26
ro_2009,2009,2,RONDONIA,-12.341,-60.316,2
ro_2009,2009,2,RORAIMA,3.3278632,-60.768787,212
to_2009,2009,2,TOCANTINS,-8.196,-49.119,1
am_2009,2009,3,AMAZONAS,-2.1384737,-63.71126,19
ma_2009,2009,3,MARANHAO,-5.3386664,-47.283,3
ma_2009,2009,3,MATO GROSSO,-12.385521,-54.938984,242
pa_2009,2009,3,PARA,-1.4278182,-53.258907,11
ro_2009,2009,3,RONDONIA,-12.457334,-61.4514,15
ro_2009,2009,3,RORAIMA,2.3185358,-60.504787,293
to_2009,2009,3,TOCANTINS,-7.28,-48.27,1
ac_2009,2009,4,ACRE,-7.6755,-72.876,2
am_2009,2009,4,AMAPA,-0.4335,-51.9855,2
am_2009,2009,4,AMAZONAS,-2.0455453,-61.056454,11
ma_2009,2009,4,MARANHAO,-2.65,-44.188,1
ma_2009,2009,4,MATO GROSSO,-12.714797,-55.546764,118
pa_2009,2009,4,PARA,-1.4430667,-54.1084,15
ro_2009,2009,4,RONDONIA,-12.009833,-61.502666,6
ro_2009,2009,4,RORAIMA,2.3269248,-60.59419,279
to_2009,2009,4,TOCANTINS,-9.099,-48.586,1
ac_2009,2009,5,ACRE,-8.885,-71.5364,10
am_2009,2009,5,AMAPA,2.2705,-50.9195,2
am_2009,2009,5,AMAZONAS,-3.32375,-62.4435,4
ma_2009,2009,5,MARANHAO,-3.0725,-45.746,2
ma_2009,2009,5,MATO GROSSO,-12.524711,-55.165413,360
pa_2009,2009,5,PARA,-1.7255,-54.4725,8
ro_2009,2009,5,RONDONIA,-10.4965,-62.4808,10
ro_2009,2009,5,RORAIMA,2.9826715,-60.73027,277
ac_2009,2009,6,ACRE,-8.138,-70.493,1
am_2009,2009,6,AMAPA,1.801,-50.843,1
am_2009,2009,6,AMAZONAS,-3.245871,-60.502098,31
ma_2009,2009,6,MARANHAO,-4.318625,-46.1165,8
ma_2009,2009,6,MATO GROSSO,-12.241144,-55.20638,842
pa_2009,2009,6,PARA,-4.3480988,-51.092163,91
ro_2009,2009,6,RONDONIA,-10.768654,-63.050655,26
ro_2009,2009,6,RORAIMA,2.9979475,-60.96884,19
to_2009,2009,6,TOCANTINS,-8.32775,-48.5525,4
ac_2009,2009,7,ACRE,-8.572084,-71.42073,59
am_2009,2009,7,AMAPA,0.09825,-51.5775,4
am_2009,2009,7,AMAZONAS,-4.214378,-61.39311,246
ma_2009,2009,7,MARANHAO,-3.4509702,-45.545567,67
ma_2009,2009,7,MATO GROSSO,-11.673088,-55.87692,1081
pa_2009,2009,7,PARA,-4.389078,-51.198006,703
ro_2009,2009,7,RONDONIA,-10.844323,-63.004505,133
ro_2009,2009,7,RORAIMA,3.0559049,-60.784237,21
to_2009,2009,7,TOCANTINS,-7.2215385,-48.432922,13
ac_2009,2009,8,ACRE,-8.847918,-70.733475,366
am_2009,2009,8,AMAPA,1.3530434,-51.248043,23
am_2009,2009,8,AMAZONAS,-5.142463,-61.15245,1799
ma_2009,2009,8,MARANHAO,-3.2567408,-45.329685,216
ma_2009,2009,8,MATO GROSSO,-11.159167,-57.28177,1246
pa_2009,2009,8,PARA,-5.3187795,-53.12516,5386
ro_2009,2009,8,RONDONIA,-10.403692,-63.23464,608
ro_2009,2009,8,RORAIMA,2.0948293,-60.260487,41
to_2009,2009,8,TOCANTINS,-7.115234,-48.430172,47
ac_2009,2009,9,ACRE,-9.12063,-70.10136,2067
am_2009,2009,9,AMAPA,1.5589346,-51.103405,214
am_2009,2009,9,AMAZONAS,-5.5303564,-62.537903,3595
ma_2009,2009,9,MARANHAO,-2.9936645,-45.516304,298
ma_2009,2009,9,MATO GROSSO,-10.792277,-57.19909,2688
pa_2009,2009,9,PARA,-5.3504443,-51.94212,8961
ro_2009,2009,9,RONDONIA,-10.375486,-63.54202,2422
ro_2009,2009,9,RORAIMA,2.2841554,-60.32289,148
to_2009,2009,9,TOCANTINS,-7.1424103,-48.596195,134
ac_2009,2009,10,ACRE,-9.776344,-69.14237,952
am_2009,2009,10,AMAPA,1.5975573,-51.299156,951
am_2009,2009,10,AMAZONAS,-4.756196,-61.088478,2409
ma_2009,2009,10,MARANHAO,-4.1446037,-46.054893,858
ma_2009,2009,10,MATO GROSSO,-11.291802,-57.286335,2429
pa_2009,2009,10,PARA,-3.4904504,-51.681732,9444
ro_2009,2009,10,RONDONIA,-10.459974,-63.423805,1910
ro_2009,2009,10,RORAIMA,2.316433,-60.33609,261
to_2009,2009,10,TOCANTINS,-6.2751193,-48.364716,109
ac_2009,2009,11,ACRE,-8.48378,-71.69752,50
am_2009,2009,11,AMAPA,1.1658682,-51.291496,1115
am_2009,2009,11,AMAZONAS,-3.3184965,-59.379826,983
ma_2009,2009,11,MARANHAO,-3.7976317,-46.006813,3340
ma_2009,2009,11,MATO GROSSO,-12.627846,-57.198784,460
pa_2009,2009,11,PARA,-2.792554,-50.993263,12485
ro_2009,2009,11,RONDONIA,-10.76257,-63.010704,214
ro_2009,2009,11,RORAIMA,1.6964619,-60.1575,394
to_2009,2009,11,TOCANTINS,-6.2346826,-48.43381,63
ac_2009,2009,12,ACRE,-8.8615,-70.3585,2
am_2009,2009,12,AMAPA,0.00052941,-51.450756,136
am_2009,2009,12,AMAZONAS,-2.7739928,-59.59685,140
ma_2009,2009,12,MARANHAO,-2.897409,-45.81102,1648
ma_2009,2009,12,MATO GROSSO,-12.499493,-55.81231,132
pa_2009,2009,12,PARA,-2.305699,-50.136395,4068
ro_2009,2009,12,RONDONIA,-10.87816,-63.4198,25
ro_2009,2009,12,RORAIMA,2.1810029,-60.35104,349
to_2009,2009,12,TOCANTINS,-6.7752,-48.5882,5
ac_2010,2010,1,ACRE,-10.302,-67.533,1
am_2010,2010,1,AMAPA,-0.77375,-52.4325,4
am_2010,2010,1,AMAZONAS,-1.5424947,-64.55031,93
ma_2010,2010,1,MARANHAO,-3.2702413,-45.976185,261
ma_2010,2010,1,MATO GROSSO,-12.755958,-55.717464,142
pa_2010,2010,1,PARA,-2.6200085,-49.806767,701
ro_2010,2010,1,RONDONIA,-11.725423,-62.41992,26
ro_2010,2010,1,RORAIMA,2.3901072,-60.86885,457
to_2010,2010,1,TOCANTINS,-7.01375,-48.690582,12
am_2010,2010,2,AMAZONAS,-0.49268422,-64.74612,76
ma_2010,2010,2,MARANHAO,-3.8921819,-46.48309,11
ma_2010,2010,2,MATO GROSSO,-12.647053,-55.36573,265
pa_2010,2010,2,PARA,-3.3940203,-50.359257,147
ro_2010,2010,2,RONDONIA,-11.222555,-62.545776,9
ro_2010,2010,2,RORAIMA,2.7178564,-61.04724,634
to_2010,2010,2,TOCANTINS,-7.087,-48.5482,5
ac_2010,2010,3,ACRE,-10.955,-68.711,1
am_2010,2010,3,AMAPA,1.129,-52.073,3
am_2010,2010,3,AMAZONAS,-2.5286405,-63.655,64
ma_2010,2010,3,MARANHAO,-3.7277143,-46.31375,28
ma_2010,2010,3,MATO GROSSO,-12.609901,-55.239025,384
pa_2010,2010,3,PARA,-3.0071135,-50.478573,141
ro_2010,2010,3,RONDONIA,-12.324538,-61.24331,13
ro_2010,2010,3,RORAIMA,2.2162387,-60.647575,536
to_2010,2010,3,TOCANTINS,-6.7625,-48.4525,6
ac_2010,2010,4,ACRE,-8.582,-71.3754,10
am_2010,2010,4,AMAZONAS,-6.053222,-68.232666,9
ma_2010,2010,4,MATO GROSSO,-12.428086,-55.61732,521
pa_2010,2010,4,PARA,-7.9166,-52.292934,30
ro_2010,2010,4,RONDONIA,-11.027643,-62.25388,42
ro_2010,2010,4,RORAIMA,3.0946841,-60.794,19
to_2010,2010,4,TOCANTINS,-6.2675,-48.803,2
ac_2010,2010,5,ACRE,-9.372485,-70.343636,33
am_2010,2010,5,AMAPA,1.7925,-50.8335,2
am_2010,2010,5,AMAZONAS,-5.7192974,-65.39697,37
ma_2010,2010,5,MARANHAO,-3.1498,-45.1186,5
ma_2010,2010,5,MATO GROSSO,-12.144667,-55.159565,775
pa_2010,2010,5,PARA,-5.8238764,-50.299423,97
ro_2010,2010,5,RONDONIA,-11.0448,-62.85834,70
ro_2010,2010,5,RORAIMA,3.144,-61.134335,6
to_2010,2010,5,TOCANTINS,-7.519,-49.043,1
ac_2010,2010,6,ACRE,-8.786854,-71.01705,41
am_2010,2010,6,AMAZONAS,-5.546292,-62.369373,113
ma_2010,2010,6,MARANHAO,-3.858697,-45.992,33
ma_2010,2010,6,MATO GROSSO,-11.913504,-55.45749,1044
pa_2010,2010,6,PARA,-5.8727098,-50.24829,441
ro_2010,2010,6,RONDONIA,-10.6659775,-62.803703,223
ro_2010,2010,6,RORAIMA,2.568,-60.195,1
to_2010,2010,6,TOCANTINS,-7.6282,-48.450733,15
ac_2010,2010,7,ACRE,-9.271191,-69.555756,210
am_2010,2010,7,AMAPA,0.717,-51.226334,3
am_2010,2010,7,AMAZONAS,-6.7645316,-63.532333,788
ma_2010,2010,7,MARANHAO,-3.8083794,-45.933838,116
ma_2010,2010,7,MATO GROSSO,-11.226734,-55.676205,1743
pa_2010,2010,7,PARA,-6.205225,-51.18072,2065
ro_2010,2010,7,RONDONIA,-10.083672,-63.223545,871
ro_2010,2010,7,RORAIMA,2.9245,-60.5195,2
to_2010,2010,7,TOCANTINS,-6.9513574,-48.460457,70
ac_2010,2010,8,ACRE,-8.88889,-70.390724,2752
am_2010,2010,8,AMAPA,0.302,-51.621,2
am_2010,2010,8,AMAZONAS,-6.976929,-63.791187,5261
ma_2010,2010,8,MARANHAO,-4.2456727,-46.111427,376
ma_2010,2010,8,MATO GROSSO,-11.103802,-56.176804,8909
pa_2010,2010,8,PARA,-7.267769,-52.092525,21677
ro_2010,2010,8,RONDONIA,-10.565609,-62.86806,5797
ro_2010,2010,8,RORAIMA,2.334143,-60.27943,7
to_2010,2010,8,TOCANTINS,-6.8788776,-48.518818,237
ac_2010,2010,9,ACRE,-9.408153,-69.515274,5030
am_2010,2010,9,AMAPA,1.2476667,-51.14897,72
am_2010,2010,9,AMAZONAS,-6.6983604,-64.07209,4021
ma_2010,2010,9,MARANHAO,-4.38576,-46.17059,1267
ma_2010,2010,9,MATO GROSSO,-11.252001,-55.704597,10270
pa_2010,2010,9,PARA,-6.806031,-51.434765,15187
ro_2010,2010,9,RONDONIA,-10.73842,-63.32128,7572
ro_2010,2010,9,RORAIMA,2.2122593,-60.804035,27
to_2010,2010,9,TOCANTINS,-6.856965,-48.52966,487
ac_2010,2010,10,ACRE,-9.536094,-69.324554,523
am_2010,2010,10,AMAPA,1.5585167,-51.245766,358
am_2010,2010,10,AMAZONAS,-4.8203077,-61.851265,1137
ma_2010,2010,10,MARANHAO,-3.873542,-46.00715,1055
ma_2010,2010,10,MATO GROSSO,-11.83177,-56.779804,3297
pa_2010,2010,10,PARA,-4.33622,-51.109756,6435
ro_2010,2010,10,RONDONIA,-10.956417,-63.09078,1722
ro_2010,2010,10,RORAIMA,2.9191494,-60.96485,87
to_2010,2010,10,TOCANTINS,-6.719033,-48.504425,184
ac_2010,2010,11,ACRE,-9.916534,-68.68736,58
am_2010,2010,11,AMAPA,1.4209939,-51.39749,490
am_2010,2010,11,AMAZONAS,-3.7153475,-60.10672,400
ma_2010,2010,11,MARANHAO,-3.8547702,-45.895283,2642
ma_2010,2010,11,MATO GROSSO,-12.1356325,-56.112175,564
pa_2010,2010,11,PARA,-2.8404417,-50.78051,7544
ro_2010,2010,11,RONDONIA,-11.369313,-63.020832,351
ro_2010,2010,11,RORAIMA,3.002359,-60.466152,39
to_2010,2010,11,TOCANTINS,-6.930696,-48.633163,79
ac_2010,2010,12,ACRE,-9.9965,-69.292,2
am_2010,2010,12,AMAPA,0.11515152,-51.6873,66
am_2010,2010,12,AMAZONAS,-3.931793,-60.715565,140
ma_2010,2010,12,MARANHAO,-3.1266615,-45.672787,1504
ma_2010,2010,12,MATO GROSSO,-12.914687,-56.825947,448
pa_2010,2010,12,PARA,-2.311674,-49.89497,2731
ro_2010,2010,12,RONDONIA,-10.810254,-63.036015,228
ro_2010,2010,12,RORAIMA,2.9004078,-60.128475,103
to_2010,2010,12,TOCANTINS,-7.247778,-48.730556,18
ac_2011,2011,1,ACRE,-9.293,-70.729,2
am_2011,2011,1,AMAZONAS,-1.5294068,-64.26651,59
ma_2011,2011,1,MARANHAO,-2.4356236,-45.823494,101
ma_2011,2011,1,MATO GROSSO,-13.0759,-55.729763,80
pa_2011,2011,1,PARA,-2.4509451,-50.820793,219
ro_2011,2011,1,RONDONIA,-12.021,-63.7815,2
ro_2011,2011,1,RORAIMA,2.9697883,-60.297672,307
to_2011,2011,1,TOCANTINS,-6.833,-48.667,1
am_2011,2011,2,AMAPA,-0.008666666,-51.255333,3
am_2011,2011,2,AMAZONAS,-5.3565,-62.294666,6
ma_2011,2011,2,MARANHAO,-4.43,-47.392,1
ma_2011,2011,2,MATO GROSSO,-12.635847,-55.324837,85
pa_2011,2011,2,PARA,-3.54796,-51.0136,25
ro_2011,2011,2,RONDONIA,-10.936545,-62.589725,11
ro_2011,2011,2,RORAIMA,3.351,-60.511894,140
am_2011,2011,3,AMAZONAS,-0.89021736,-65.6877,23
ma_2011,2011,3,MARANHAO,-3.399,-46.72375,4
ma_2011,2011,3,MATO GROSSO,-12.323142,-55.094032,218
pa_2011,2011,3,PARA,-4.83425,-52.40356,16
ro_2011,2011,3,RONDONIA,-10.578667,-63.565,6
ro_2011,2011,3,RORAIMA,2.1420443,-60.509125,158
to_2011,2011,3,TOCANTINS,-7.3065,-48.4215,2
ac_2011,2011,4,ACRE,-7.81325,-72.7885,4
am_2011,2011,4,AMAZONAS,-4.0705714,-63.285572,7
ma_2011,2011,4,MARANHAO,-4.547,-46.239,3
ma_2011,2011,4,MATO GROSSO,-12.56063,-55.49464,273
pa_2011,2011,4,PARA,-2.5961,-54.2205,10
ro_2011,2011,4,RONDONIA,-11.766666,-62.1225,12
ro_2011,2011,4,RORAIMA,3.0701025,-60.634167,156
ac_2011,2011,5,ACRE,-10.83625,-68.705376,8
am_2011,2011,5,AMAPA,1.4335,-50.741,2
am_2011,2011,5,AMAZONAS,-4.48625,-63.47175,16
ma_2011,2011,5,MARANHAO,-3.663,-45.582375,8
ma_2011,2011,5,MATO GROSSO,-12.358285,-55.593147,404
pa_2011,2011,5,PARA,-3.0109048,-51.196903,21
ro_2011,2011,5,RONDONIA,-11.270712,-62.288795,59
ro_2011,2011,5,RORAIMA,2.586,-60.338665,9
to_2011,2011,5,TOCANTINS,-5.301,-48.397,1
ac_2011,2011,6,ACRE,-8.137654,-71.557,26
am_2011,2011,6,AMAPA,0.115,-51.109,1
am_2011,2011,6,AMAZONAS,-4.2446876,-60.435844,32
ma_2011,2011,6,MARANHAO,-3.765264,-45.83283,53
ma_2011,2011,6,MATO GROSSO,-12.162909,-55.585667,591
pa_2011,2011,6,PARA,-4.180849,-50.324677,199
ro_2011,2011,6,RONDONIA,-10.998373,-62.495907,169
ro_2011,2011,6,RORAIMA,3.1767778,-60.716778,9
to_2011,2011,6,TOCANTINS,-7.6606665,-49.114666,3
ac_2011,2011,7,ACRE,-9.4229,-69.42348,130
am_2011,2011,7,AMAPA,0.8135,-51.174,4
am_2011,2011,7,AMAZONAS,-6.1718545,-61.847904,330
ma_2011,2011,7,MARANHAO,-3.4474945,-45.60964,91
ma_2011,2011,7,MATO GROSSO,-11.9237385,-55.096172,520
pa_2011,2011,7,PARA,-4.288744,-51.46607,1024
ro_2011,2011,7,RONDONIA,-10.299234,-62.907032,320
ro_2011,2011,7,RORAIMA,3.0066,-60.412,10
to_2011,2011,7,TOCANTINS,-6.8099375,-48.497814,16
ac_2011,2011,8,ACRE,-8.816064,-70.5648,685
am_2011,2011,8,AMAPA,0.90475,-51.067333,12
am_2011,2011,8,AMAZONAS,-6.4213805,-63.232277,1543
ma_2011,2011,8,MARANHAO,-3.3472476,-45.608772,105
ma_2011,2011,8,MATO GROSSO,-11.650272,-56.57938,1187
pa_2011,2011,8,PARA,-5.415911,-53.441868,3040
ro_2011,2011,8,RONDONIA,-10.097441,-63.533005,1358
ro_2011,2011,8,RORAIMA,2.990149,-60.814915,47
to_2011,2011,8,TOCANTINS,-7.12288,-48.385,25
ac_2011,2011,9,ACRE,-9.187442,-69.97668,1912
am_2011,2011,9,AMAPA,1.0211142,-51.08214,140
am_2011,2011,9,AMAZONAS,-6.134762,-63.032734,1524
ma_2011,2011,9,MARANHAO,-3.4762907,-45.86306,406
ma_2011,2011,9,MATO GROSSO,-11.164651,-56.206917,3498
pa_2011,2011,9,PARA,-5.576688,-51.850815,6821
ro_2011,2011,9,RONDONIA,-10.69114,-63.004658,2458
ro_2011,2011,9,RORAIMA,3.2146363,-60.69268,66
to_2011,2011,9,TOCANTINS,-6.166932,-48.350266,162
ac_2011,2011,10,ACRE,-9.819924,-68.687225,264
am_2011,2011,10,AMAPA,1.3432205,-51.369293,381
am_2011,2011,10,AMAZONAS,-4.6771502,-61.780807,844
ma_2011,2011,10,MARANHAO,-3.9588344,-46.029446,592
ma_2011,2011,10,MATO GROSSO,-11.408714,-56.596508,1636
pa_2011,2011,10,PARA,-3.9344432,-51.43576,4588
ro_2011,2011,10,RONDONIA,-10.876603,-63.244587,1281
ro_2011,2011,10,RORAIMA,2.7546666,-60.342037,81
to_2011,2011,10,TOCANTINS,-6.783204,-48.48227,93
ac_2011,2011,11,ACRE,-9.350382,-69.9898,152
am_2011,2011,11,AMAPA,0.7766511,-51.376373,407
am_2011,2011,11,AMAZONAS,-3.7773466,-60.35734,502
ma_2011,2011,11,MARANHAO,-3.4777486,-45.777584,1977
ma_2011,2011,11,MATO GROSSO,-12.505525,-56.443607,429
pa_2011,2011,11,PARA,-2.74765,-50.86265,5760
ro_2011,2011,11,RONDONIA,-10.980392,-63.374844,357
ro_2011,2011,11,RORAIMA,1.6223646,-60.183647,181
to_2011,2011,11,TOCANTINS,-6.29228,-48.39488,50
ac_2011,2011,12,ACRE,-10.3295,-68.80712,8
am_2011,2011,12,AMAPA,0.35528925,-51.310925,446
am_2011,2011,12,AMAZONAS,-3.35931,-59.24672,142
ma_2011,2011,12,MARANHAO,-3.1705847,-45.848885,1635
ma_2011,2011,12,MATO GROSSO,-12.56922,-56.032837,182
pa_2011,2011,12,PARA,-2.2647882,-50.280907,4840
ro_2011,2011,12,RONDONIA,-11.377733,-63.109222,45
ro_2011,2011,12,RORAIMA,2.5748746,-60.332596,311
to_2011,2011,12,TOCANTINS,-6.4176087,-48.59365,23
ac_2012,2012,1,ACRE,-7.658,-73.085,1
am_2012,2012,1,AMAPA,-0.37282354,-51.542675,34
am_2012,2012,1,AMAZONAS,-3.970125,-61.079124,8
ma_2012,2012,1,MARANHAO,-2.8146756,-45.751984,302
ma_2012,2012,1,MATO GROSSO,-13.455646,-57.087948,79
pa_2012,2012,1,PARA,-2.0854645,-49.78663,534
ro_2012,2012,1,RONDONIA,-11.388,-62.024334,6
ro_2012,2012,1,RORAIMA,3.2993472,-60.495075,239
am_2012,2012,2,AMAPA,0.659375,-51.547626,8
am_2012,2012,2,AMAZONAS,-2.68825,-64.727875,8
ma_2012,2012,2,MARANHAO,-3.441,-46.34974,27
ma_2012,2012,2,MATO GROSSO,-12.608634,-55.04417,134
pa_2012,2012,2,PARA,-2.5593717,-49.511845,78
ro_2012,2012,2,RONDONIA,-10.936444,-63.44989,9
ro_2012,2012,2,RORAIMA,2.7222674,-60.644623,172
to_2012,2012,2,TOCANTINS,-7.2825,-48.501,2
am_2012,2012,3,AMAPA,0.45933333,-51.681,3
am_2012,2012,3,AMAZONAS,-4.8516,-64.5008,5
ma_2012,2012,3,MARANHAO,-3.5522,-45.9836,5
ma_2012,2012,3,MATO GROSSO,-12.648905,-55.5135,251
pa_2012,2012,3,PARA,-3.6855,-50.2895,16
ro_2012,2012,3,RONDONIA,-12.18865,-61.69205,20
ro_2012,2012,3,RORAIMA,3.0839562,-60.63824,183
to_2012,2012,3,TOCANTINS,-6.998,-49.088,1
ac_2012,2012,4,ACRE,-10.511,-68.31433,3
am_2012,2012,4,AMAPA,1.6565,-50.9915,2
am_2012,2012,4,AMAZONAS,-5.77175,-66.893875,8
ma_2012,2012,4,MARANHAO,-4.0035,-46.0955,2
ma_2012,2012,4,MATO GROSSO,-12.60717,-55.04016,364
pa_2012,2012,4,PARA,-5.32525,-51.628708,24
ro_2012,2012,4,RONDONIA,-11.6167145,-62.664143,21
ro_2012,2012,4,RORAIMA,3.3817143,-60.584408,49
ac_2012,2012,5,ACRE,-10.146,-68.79747,15
am_2012,2012,5,AMAPA,1.7526667,-50.806,3
am_2012,2012,5,AMAZONAS,-3.5892668,-60.377,15
ma_2012,2012,5,MARANHAO,-3.31475,-45.508,24
ma_2012,2012,5,MATO GROSSO,-12.066094,-55.02314,643
pa_2012,2012,5,PARA,-4.0453367,-50.41601,98
ro_2012,2012,5,RONDONIA,-11.228457,-62.759056,35
ro_2012,2012,5,RORAIMA,2.9097142,-60.773857,21
to_2012,2012,5,TOCANTINS,-6.868,-49.092,1
ac_2012,2012,6,ACRE,-8.425333,-71.62825,12
am_2012,2012,6,AMAPA,1.164,-50.993626,8
am_2012,2012,6,AMAZONAS,-3.9618793,-60.82476,58
ma_2012,2012,6,MARANHAO,-3.7690644,-46.052547,31
ma_2012,2012,6,MATO GROSSO,-11.945751,-55.019928,1370
pa_2012,2012,6,PARA,-4.287741,-50.57229,305
ro_2012,2012,6,RONDONIA,-10.8612,-62.446655,55
ro_2012,2012,6,RORAIMA,2.9473104,-60.68217,29
to_2012,2012,6,TOCANTINS,-7.5592856,-48.52943,7
ac_2012,2012,7,ACRE,-9.090038,-70.18297,132
am_2012,2012,7,AMAPA,1.8703333,-50.941833,6
am_2012,2012,7,AMAZONAS,-6.1611867,-61.9696,316
ma_2012,2012,7,MARANHAO,-3.7045188,-45.595978,133
ma_2012,2012,7,MATO GROSSO,-11.747212,-55.46118,1195
pa_2012,2012,7,PARA,-5.026663,-51.657295,1041
ro_2012,2012,7,RONDONIA,-10.639079,-62.813744,253
ro_2012,2012,7,RORAIMA,2.7553334,-60.681,3
to_2012,2012,7,TOCANTINS,-7.220625,-48.43894,16
ac_2012,2012,8,ACRE,-8.862952,-70.63233,1092
am_2012,2012,8,AMAPA,0.864,-51.08961,31
am_2012,2012,8,AMAZONAS,-6.9034843,-62.448597,3616
ma_2012,2012,8,MARANHAO,-4.530367,-46.092674,687
ma_2012,2012,8,MATO GROSSO,-11.16993,-56.743702,3405
pa_2012,2012,8,PARA,-6.0821385,-53.344475,9168
ro_2012,2012,8,RONDONIA,-9.915968,-63.4262,2561
ro_2012,2012,8,RORAIMA,2.87375,-60.497,8
to_2012,2012,8,TOCANTINS,-6.8001933,-48.437405,119
ac_2012,2012,9,ACRE,-9.259102,-69.99027,2796
am_2012,2012,9,AMAPA,1.7550809,-51.155437,173
am_2012,2012,9,AMAZONAS,-6.870559,-63.915695,2731
ma_2012,2012,9,MARANHAO,-4.5283427,-46.150703,1047
ma_2012,2012,9,MATO GROSSO,-11.276385,-56.15332,5813
pa_2012,2012,9,PARA,-6.2091923,-52.006115,8190
ro_2012,2012,9,RONDONIA,-10.164545,-63.428017,3141
ro_2012,2012,9,RORAIMA,3.479337,-60.62753,89
to_2012,2012,9,TOCANTINS,-6.9501266,-48.455944,87
ac_2012,2012,10,ACRE,-9.8550415,-68.97547,627
am_2012,2012,10,AMAPA,1.7060171,-51.268642,583
am_2012,2012,10,AMAZONAS,-4.457122,-61.263973,1484
ma_2012,2012,10,MARANHAO,-4.125739,-45.97431,1767
ma_2012,2012,10,MATO GROSSO,-11.431852,-56.870438,2204
pa_2012,2012,10,PARA,-3.8899105,-51.6215,5946
ro_2012,2012,10,RONDONIA,-10.481492,-63.435505,1866
ro_2012,2012,10,RORAIMA,2.4966567,-60.52216,201
to_2012,2012,10,TOCANTINS,-6.8708086,-48.631493,136
ac_2012,2012,11,ACRE,-9.790103,-69.04615,39
am_2012,2012,11,AMAPA,1.4373769,-51.170193,1157
am_2012,2012,11,AMAZONAS,-3.380004,-59.3697,749
ma_2012,2012,11,MARANHAO,-3.425991,-45.83824,1564
ma_2012,2012,11,MATO GROSSO,-12.167497,-56.907032,316
pa_2012,2012,11,PARA,-2.6786141,-51.014477,8871
ro_2012,2012,11,RONDONIA,-10.523321,-62.948677,271
ro_2012,2012,11,RORAIMA,2.3248677,-60.401398,257
to_2012,2012,11,TOCANTINS,-6.4085426,-48.436855,35
ac_2012,2012,12,ACRE,-10.599,-68.34067,3
am_2012,2012,12,AMAPA,1.699853,-50.98349,510
am_2012,2012,12,AMAZONAS,-3.400474,-60.175957,116
ma_2012,2012,12,MARANHAO,-2.9625015,-45.729515,1330
ma_2012,2012,12,MATO GROSSO,-12.278919,-55.39072,359
pa_2012,2012,12,PARA,-2.0391006,-49.729576,2950
ro_2012,2012,12,RONDONIA,-10.795217,-63.277554,74
ro_2012,2012,12,RORAIMA,2.468472,-60.331806,125
to_2012,2012,12,TOCANTINS,-6.8835,-48.504,2
am_2013,2013,1,AMAPA,0.105,-51.247,2
am_2013,2013,1,AMAZONAS,-1.6748605,-64.189674,43
ma_2013,2013,1,MARANHAO,-3.036095,-45.763496,200
ma_2013,2013,1,MATO GROSSO,-12.67328,-55.819294,143
pa_2013,2013,1,PARA,-2.5478384,-49.446255,291
ro_2013,2013,1,RONDONIA,-10.802438,-63.362,16
ro_2013,2013,1,RORAIMA,2.6128962,-60.51916,482
to_2013,2013,1,TOCANTINS,-7.08575,-48.68925,4
am_2013,2013,2,AMAPA,0.0525,-52.101,2
am_2013,2013,2,AMAZONAS,-4.0205,-61.329,4
ma_2013,2013,2,MARANHAO,-3.1375453,-45.870045,22
ma_2013,2013,2,MATO GROSSO,-12.217204,-55.32745,220
pa_2013,2013,2,PARA,-3.6845107,-50.16255,47
ro_2013,2013,2,RONDONIA,-10.88825,-62.687,8
ro_2013,2013,2,RORAIMA,2.5696478,-60.523266,71
am_2013,2013,3,AMAPA,1.328,-52.016,1
am_2013,2013,3,AMAZONAS,-2.949826,-63.73,23
ma_2013,2013,3,MARANHAO,-3.862,-45.652,2
ma_2013,2013,3,MATO GROSSO,-12.4333725,-55.094467,395
pa_2013,2013,3,PARA,-4.75,-51.5501,20
ro_2013,2013,3,RONDONIA,-11.7233,-61.974167,30
ro_2013,2013,3,RORAIMA,2.8004642,-60.883675,265
to_2013,2013,3,TOCANTINS,-6.978,-48.597,2
ac_2013,2013,4,ACRE,-10.064609,-69.32845,46
am_2013,2013,4,AMAPA,-0.1235,-51.5945,2
am_2013,2013,4,AMAZONAS,-3.5455768,-64.36369,26
ma_2013,2013,4,MARANHAO,-4.6655,-46.7275,6
ma_2013,2013,4,MATO GROSSO,-12.431589,-54.881275,268
pa_2013,2013,4,PARA,-5.631345,-50.614483,29
ro_2013,2013,4,RONDONIA,-10.693926,-63.175518,27
ro_2013,2013,4,RORAIMA,3.0762036,-60.866096,113
to_2013,2013,4,TOCANTINS,-8.805,-48.522,1
ac_2013,2013,5,ACRE,-9.119273,-70.88982,11
am_2013,2013,5,AMAPA,-0.907,-52.25,1
am_2013,2013,5,AMAZONAS,-3.4444287,-62.514427,21
ma_2013,2013,5,MARANHAO,-3.82675,-46.203938,16
ma_2013,2013,5,MATO GROSSO,-12.104756,-55.010555,640
pa_2013,2013,5,PARA,-4.7095,-50.661068,74
ro_2013,2013,5,RONDONIA,-11.116736,-63.04258,19
ro_2013,2013,5,RORAIMA,3.4828334,-61.070667,6
to_2013,2013,5,TOCANTINS,-6.758,-48.426,8
ac_2013,2013,6,ACRE,-8.731421,-71.09195,19
am_2013,2013,6,AMAPA,0.92733335,-51.585167,6
am_2013,2013,6,AMAZONAS,-3.3978148,-60.45243,81
ma_2013,2013,6,MARANHAO,-3.2439272,-45.57591,55
ma_2013,2013,6,MATO GROSSO,-11.875774,-55.111656,922
pa_2013,2013,6,PARA,-3.826966,-50.48706,323
ro_2013,2013,6,RONDONIA,-11.47425,-62.063217,32
ro_2013,2013,6,RORAIMA,2.7118332,-60.697666,6
to_2013,2013,6,TOCANTINS,-8.027333,-48.571667,6
ac_2013,2013,7,ACRE,-9.164051,-69.965775,98
am_2013,2013,7,AMAPA,-0.901,-51.908,1
am_2013,2013,7,AMAZONAS,-4.334359,-62.13291,359
ma_2013,2013,7,MARANHAO,-3.6551757,-45.593,74
ma_2013,2013,7,MATO GROSSO,-11.937537,-55.476437,1024
pa_2013,2013,7,PARA,-3.9490101,-50.21422,793
ro_2013,2013,7,RONDONIA,-10.767648,-62.63127,159
ro_2013,2013,7,RORAIMA,3.5955,-60.03725,4
to_2013,2013,7,TOCANTINS,-7.5345263,-48.446686,19
ac_2013,2013,8,ACRE,-9.13612,-70.0367,1045
am_2013,2013,8,AMAPA,0.82027775,-51.00072,18
am_2013,2013,8,AMAZONAS,-5.7346525,-63.279064,1981
ma_2013,2013,8,MARANHAO,-3.4157174,-45.433014,283
ma_2013,2013,8,MATO GROSSO,-11.281484,-56.20646,1814
pa_2013,2013,8,PARA,-5.791936,-52.399315,3173
ro_2013,2013,8,RONDONIA,-10.589599,-62.970703,1102
ro_2013,2013,8,RORAIMA,2.503,-61.302,4
to_2013,2013,8,TOCANTINS,-8.023958,-48.60675,24
ac_2013,2013,9,ACRE,-9.429271,-69.807076,3331
am_2013,2013,9,AMAPA,1.0342937,-51.108994,126
am_2013,2013,9,AMAZONAS,-6.4431405,-63.94769,2204
ma_2013,2013,9,MARANHAO,-3.5779126,-45.823902,389
ma_2013,2013,9,MATO GROSSO,-10.971679,-56.49362,3739
pa_2013,2013,9,PARA,-5.96397,-51.525517,4363
ro_2013,2013,9,RONDONIA,-10.25713,-63.399357,2472
ro_2013,2013,9,RORAIMA,3.1501026,-60.741924,39
to_2013,2013,9,TOCANTINS,-7.3005123,-48.663773,123
ac_2013,2013,10,ACRE,-9.851208,-69.06031,318
am_2013,2013,10,AMAPA,1.5659964,-51.27762,560
am_2013,2013,10,AMAZONAS,-4.0092363,-60.614525,1235
ma_2013,2013,10,MARANHAO,-4.2031555,-46.042618,784
ma_2013,2013,10,MATO GROSSO,-11.807394,-56.150227,1055
pa_2013,2013,10,PARA,-3.6038678,-51.25423,5510
ro_2013,2013,10,RONDONIA,-10.56131,-62.922977,510
ro_2013,2013,10,RORAIMA,2.1065602,-60.31114,116
to_2013,2013,10,TOCANTINS,-7.0057793,-48.582176,154
ac_2013,2013,11,ACRE,-10.2695,-69.11375,108
am_2013,2013,11,AMAPA,0.9895302,-51.28214,613
am_2013,2013,11,AMAZONAS,-3.1771977,-59.94062,258
ma_2013,2013,11,MARANHAO,-3.5851274,-45.705475,1146
ma_2013,2013,11,MATO GROSSO,-13.134097,-56.447376,403
pa_2013,2013,11,PARA,-2.401654,-51.386223,3844
ro_2013,2013,11,RONDONIA,-11.280932,-62.883377,103
ro_2013,2013,11,RORAIMA,2.459824,-60.14261,125
to_2013,2013,11,TOCANTINS,-7.1504,-48.6008,15
ac_2013,2013,12,ACRE,-10.3225,-67.749,4
am_2013,2013,12,AMAPA,0.44949746,-51.31033,197
am_2013,2013,12,AMAZONAS,-2.7376318,-60.26652,277
ma_2013,2013,12,MARANHAO,-3.0546987,-45.747055,1441
ma_2013,2013,12,MATO GROSSO,-12.184386,-55.46897,207
pa_2013,2013,12,PARA,-2.5575216,-50.82853,5579
ro_2013,2013,12,RONDONIA,-10.579349,-63.501526,135
ro_2013,2013,12,RORAIMA,2.354055,-60.181602,164
to_2013,2013,12,TOCANTINS,-6.267667,-48.33089,9
am_2014,2014,1,AMAPA,0.23004,-51.41528,25
am_2014,2014,1,AMAZONAS,-2.675028,-62.413902,71
ma_2014,2014,1,MARANHAO,-2.9700756,-45.84804,185
ma_2014,2014,1,MATO GROSSO,-12.225054,-54.95751,149
pa_2014,2014,1,PARA,-2.1342895,-50.735912,570
ro_2014,2014,1,RONDONIA,-10.266,-62.59173,11
ro_2014,2014,1,RORAIMA,2.5425208,-60.56867,557
to_2014,2014,1,TOCANTINS,-6.5982,-48.349,5
am_2014,2014,2,AMAPA,0.863,-52.1735,2
am_2014,2014,2,AMAZONAS,-2.2357647,-65.50894,17
ma_2014,2014,2,MATO GROSSO,-12.191613,-55.635113,88
pa_2014,2014,2,PARA,-5.6279335,-51.025135,30
ro_2014,2014,2,RONDONIA,-11.69825,-61.9065,4
ro_2014,2014,2,RORAIMA,2.2944307,-60.723843,332
ac_2014,2014,3,ACRE,-10.814,-68.389,1
am_2014,2014,3,AMAPA,0.984,-51.03,2
am_2014,2014,3,AMAZONAS,-0.85426664,-66.180435,30
ma_2014,2014,3,MARANHAO,-4.3765,-47.2665,2
ma_2014,2014,3,MATO GROSSO,-12.215427,-55.010933,344
pa_2014,2014,3,PARA,-3.4722352,-53.282528,17
ro_2014,2014,3,RONDONIA,-12.028636,-61.62891,11
ro_2014,2014,3,RORAIMA,2.2408042,-60.671722,603
ac_2014,2014,4,ACRE,-10.772142,-68.63029,7
am_2014,2014,4,AMAPA,0.366,-50.927,1
am_2014,2014,4,AMAZONAS,-1.95365,-66.6985,20
ma_2014,2014,4,MARANHAO,-4.522,-47.162,1
ma_2014,2014,4,MATO GROSSO,-12.5144825,-55.010246,379
pa_2014,2014,4,PARA,-3.2261739,-51.905,23
ro_2014,2014,4,RONDONIA,-11.663563,-62.208187,16
ro_2014,2014,4,RORAIMA,2.7208908,-60.926884,183
to_2014,2014,4,TOCANTINS,-6.3255,-48.0175,2
ac_2014,2014,5,ACRE,-7.767,-72.943,1
am_2014,2014,5,AMAZONAS,-3.3354118,-64.41453,17
ma_2014,2014,5,MARANHAO,-4.2055,-46.38975,8
ma_2014,2014,5,MATO GROSSO,-12.064775,-54.762333,494
pa_2014,2014,5,PARA,-5.840709,-51.02771,55
ro_2014,2014,5,RONDONIA,-12.204616,-61.661655,26
ro_2014,2014,5,RORAIMA,2.887746,-60.829063,63
to_2014,2014,5,TOCANTINS,-8.035556,-48.487556,9
ac_2014,2014,6,ACRE,-9.159652,-70.80344,23
am_2014,2014,6,AMAPA,-0.007,-51.1275,2
am_2014,2014,6,AMAZONAS,-5.275863,-61.65082,73
ma_2014,2014,6,MARANHAO,-4.1837273,-46.692608,33
ma_2014,2014,6,MATO GROSSO,-11.842451,-55.371883,1088
pa_2014,2014,6,PARA,-6.0281515,-51.26712,284
ro_2014,2014,6,RONDONIA,-10.787424,-62.613617,99
ro_2014,2014,6,RORAIMA,3.262,-61.1898,5
to_2014,2014,6,TOCANTINS,-7.5433807,-48.470383,21
ac_2014,2014,7,ACRE,-9.447186,-69.53876,91
am_2014,2014,7,AMAPA,1.536,-50.9132,5
am_2014,2014,7,AMAZONAS,-5.2257037,-62.455894,253
ma_2014,2014,7,MARANHAO,-4.106434,-46.311096,106
ma_2014,2014,7,MATO GROSSO,-11.738091,-55.13714,1254
pa_2014,2014,7,PARA,-5.1825523,-52.097836,813
ro_2014,2014,7,RONDONIA,-10.931243,-62.516,206
ro_2014,2014,7,RORAIMA,3.0887778,-60.88211,9
to_2014,2014,7,TOCANTINS,-6.648931,-48.42838,29
ac_2014,2014,8,ACRE,-9.010914,-70.315445,1263
am_2014,2014,8,AMAPA,1.2518421,-51.163578,19
am_2014,2014,8,AMAZONAS,-6.730672,-62.54186,3604
ma_2014,2014,8,MARANHAO,-4.430458,-46.081116,286
ma_2014,2014,8,MATO GROSSO,-10.914575,-56.833763,3835
pa_2014,2014,8,PARA,-6.382999,-53.65161,8147
ro_2014,2014,8,RONDONIA,-9.946206,-63.488865,2842
ro_2014,2014,8,RORAIMA,3.0543125,-60.732,16
to_2014,2014,8,TOCANTINS,-6.8316236,-48.39512,101
ac_2014,2014,9,ACRE,-9.4421015,-69.71121,2528
am_2014,2014,9,AMAPA,1.3943106,-51.081417,161
am_2014,2014,9,AMAZONAS,-5.8556194,-62.95242,3148
ma_2014,2014,9,MARANHAO,-4.0077,-45.98852,413
ma_2014,2014,9,MATO GROSSO,-10.995423,-56.489346,4581
pa_2014,2014,9,PARA,-5.659312,-52.11375,6636
ro_2014,2014,9,RONDONIA,-10.213098,-63.331505,2806
ro_2014,2014,9,RORAIMA,2.5445125,-61.34215,80
to_2014,2014,9,TOCANTINS,-6.838272,-48.50419,169
ac_2014,2014,10,ACRE,-9.83554,-69.7271,406
am_2014,2014,10,AMAPA,1.8436233,-51.339935,592
am_2014,2014,10,AMAZONAS,-4.049635,-60.760475,794
ma_2014,2014,10,MARANHAO,-4.277035,-46.066532,1327
ma_2014,2014,10,MATO GROSSO,-11.464892,-55.66301,2717
pa_2014,2014,10,PARA,-3.6573436,-51.54216,6241
ro_2014,2014,10,RONDONIA,-10.654188,-62.839886,978
ro_2014,2014,10,RORAIMA,2.7905078,-60.526276,65
to_2014,2014,10,TOCANTINS,-6.9662156,-48.611557,102
ac_2014,2014,11,ACRE,-10.421042,-68.67506,70
am_2014,2014,11,AMAPA,1.1153553,-51.26713,653
am_2014,2014,11,AMAZONAS,-3.4163368,-59.746952,692
ma_2014,2014,11,MARANHAO,-3.7264876,-45.906193,1870
ma_2014,2014,11,MATO GROSSO,-12.011519,-56.08701,531
pa_2014,2014,11,PARA,-2.7391992,-51.44181,7908
ro_2014,2014,11,RONDONIA,-11.03946,-62.756443,187
ro_2014,2014,11,RORAIMA,1.5817868,-60.102676,197
to_2014,2014,11,TOCANTINS,-6.5008526,-48.49574,61
ac_2014,2014,12,ACRE,-9.759,-68.049126,8
am_2014,2014,12,AMAPA,0.6408057,-51.197926,386
am_2014,2014,12,AMAZONAS,-3.0424533,-61.096645,289
ma_2014,2014,12,MARANHAO,-3.0417757,-45.774612,1502
ma_2014,2014,12,MATO GROSSO,-11.998599,-55.899696,217
pa_2014,2014,12,PARA,-2.2706428,-50.593018,4802
ro_2014,2014,12,RONDONIA,-10.420035,-62.89477,141
ro_2014,2014,12,RORAIMA,1.9378778,-60.288284,409
to_2014,2014,12,TOCANTINS,-6.476,-48.33163,19
ac_2015,2015,1,ACRE,-10.004666,-67.696,3
am_2015,2015,1,AMAPA,0.4048889,-51.257187,27
am_2015,2015,1,AMAZONAS,-2.281079,-61.479393,38
ma_2015,2015,1,MARANHAO,-2.994941,-45.88491,237
ma_2015,2015,1,MATO GROSSO,-12.2402935,-55.57529,422
pa_2015,2015,1,PARA,-2.99727,-51.28447,866
ro_2015,2015,1,RONDONIA,-11.180458,-62.370667,24
ro_2015,2015,1,RORAIMA,2.4557226,-60.497017,411
to_2015,2015,1,TOCANTINS,-6.5521426,-48.371216,14
ac_2015,2015,2,ACRE,-9.319,-70.8355,2
am_2015,2015,2,AMAZONAS,-2.102507,-63.717632,71
ma_2015,2015,2,MARANHAO,-2.6146317,-45.56574,38
ma_2015,2015,2,MATO GROSSO,-12.266403,-55.285347,253
pa_2015,2015,2,PARA,-3.6075325,-50.59237,92
ro_2015,2015,2,RONDONIA,-10.613117,-62.843647,17
ro_2015,2015,2,RORAIMA,1.7889299,-60.51933,571
to_2015,2015,2,TOCANTINS,-7.781,-48.391,3
ac_2015,2015,3,ACRE,-8.161,-70.773,1
am_2015,2015,3,AMAPA,1.912,-50.858,1
am_2015,2015,3,AMAZONAS,-3.71512,-63.31284,25
ma_2015,2015,3,MARANHAO,-4.8082,-45.8734,5
ma_2015,2015,3,MATO GROSSO,-12.281881,-54.939728,319
pa_2015,2015,3,PARA,-5.180774,-50.933193,31
ro_2015,2015,3,RONDONIA,-12.6328,-61.7454,10
ro_2015,2015,3,RORAIMA,2.5742686,-60.537605,175
to_2015,2015,3,TOCANTINS,-5.816,-47.93,5
ac_2015,2015,4,ACRE,-10.184334,-67.76967,3
am_2015,2015,4,AMAZONAS,-2.73375,-62.14475,20
ma_2015,2015,4,MARANHAO,-5.0742,-47.318,5
ma_2015,2015,4,MATO GROSSO,-12.221273,-55.17255,392
pa_2015,2015,4,PARA,-3.587909,-51.275864,22
ro_2015,2015,4,RONDONIA,-11.872,-62.343082,12
ro_2015,2015,4,RORAIMA,2.4016972,-60.684177,307
to_2015,2015,4,TOCANTINS,-8.272,-49.062,1
ac_2015,2015,5,ACRE,-9.436,-70.9835,2
am_2015,2015,5,AMAZONAS,-5.0446362,-62.89673,11
ma_2015,2015,5,MARANHAO,-2.6655,-44.902,2
ma_2015,2015,5,MATO GROSSO,-12.081712,-54.975887,274
pa_2015,2015,5,PARA,-4.9361906,-50.307976,84
ro_2015,2015,5,RONDONIA,-10.357538,-63.328075,13
ro_2015,2015,5,RORAIMA,3.2159286,-60.93786,14
to_2015,2015,5,TOCANTINS,-7.3368573,-48.726715,7
ac_2015,2015,6,ACRE,-9.826762,-69.3566,42
am_2015,2015,6,AMAPA,0.833,-51.3125,2
am_2015,2015,6,AMAZONAS,-5.9103823,-63.5,34
ma_2015,2015,6,MARANHAO,-4.1038694,-46.600086,46
ma_2015,2015,6,MATO GROSSO,-11.8963,-55.534756,779
pa_2015,2015,6,PARA,-5.4314566,-50.610703,241
ro_2015,2015,6,RONDONIA,-10.452875,-63.31791,120
ro_2015,2015,6,RORAIMA,1.7854,-60.5446,5
to_2015,2015,6,TOCANTINS,-7.7851667,-48.817165,18
ac_2015,2015,7,ACRE,-9.331077,-69.46395,118
am_2015,2015,7,AMAPA,0.78175,-51.45725,4
am_2015,2015,7,AMAZONAS,-6.3051343,-62.427937,365
ma_2015,2015,7,MARANHAO,-3.7606914,-46.123287,94
ma_2015,2015,7,MATO GROSSO,-11.861715,-55.9431,902
pa_2015,2015,7,PARA,-5.426712,-51.56632,882
ro_2015,2015,7,RONDONIA,-10.2087145,-63.258423,417
ro_2015,2015,7,RORAIMA,2.6008,-60.5916,5
to_2015,2015,7,TOCANTINS,-6.9956,-48.41453,30
ac_2015,2015,8,ACRE,-9.182514,-69.79554,1624
am_2015,2015,8,AMAPA,0.77023077,-51.121,26
am_2015,2015,8,AMAZONAS,-7.1477113,-62.885498,4235
ma_2015,2015,8,MARANHAO,-4.225282,-46.109177,287
ma_2015,2015,8,MATO GROSSO,-10.8251915,-57.097473,2866
pa_2015,2015,8,PARA,-6.1832247,-53.280716,7672
ro_2015,2015,8,RONDONIA,-9.819463,-63.769463,3668
ro_2015,2015,8,RORAIMA,2.5689285,-60.530643,14
to_2015,2015,8,TOCANTINS,-6.8599873,-48.440735,79
ac_2015,2015,9,ACRE,-9.503576,-69.61251,2949
am_2015,2015,9,AMAPA,1.3355,-51.111362,198
am_2015,2015,9,AMAZONAS,-5.7613797,-62.515053,5004
ma_2015,2015,9,MARANHAO,-4.569711,-46.367466,589
ma_2015,2015,9,MATO GROSSO,-10.880281,-56.668465,5782
pa_2015,2015,9,PARA,-6.0437794,-52.554188,9394
ro_2015,2015,9,RONDONIA,-10.107913,-63.400528,5197
ro_2015,2015,9,RORAIMA,1.9923023,-60.392475,86
to_2015,2015,9,TOCANTINS,-6.94911,-48.54994,127
ac_2015,2015,10,ACRE,-9.955082,-68.94211,912
am_2015,2015,10,AMAPA,1.7290226,-51.34922,927
am_2015,2015,10,AMAZONAS,-4.6546154,-61.1052,2233
ma_2015,2015,10,MARANHAO,-4.3571076,-46.132347,1590
ma_2015,2015,10,MATO GROSSO,-11.503128,-56.682446,3647
pa_2015,2015,10,PARA,-4.031791,-51.66892,7379
ro_2015,2015,10,RONDONIA,-10.500817,-63.30833,2468
ro_2015,2015,10,RORAIMA,2.4046752,-60.638306,194
to_2015,2015,10,TOCANTINS,-6.8734035,-48.50774,119
ac_2015,2015,11,ACRE,-9.681887,-69.2003,115
am_2015,2015,11,AMAPA,0.9611334,-51.239975,1424
am_2015,2015,11,AMAZONAS,-4.1294246,-60.55437,909
ma_2015,2015,11,MARANHAO,-3.608168,-45.94579,2293
ma_2015,2015,11,MATO GROSSO,-12.154524,-56.953087,1147
pa_2015,2015,11,PARA,-2.8034475,-51.26871,9783
ro_2015,2015,11,RONDONIA,-10.619707,-63.202553,901
ro_2015,2015,11,RORAIMA,1.6195335,-60.259323,298
to_2015,2015,11,TOCANTINS,-6.8425536,-48.56,65
ac_2015,2015,12,ACRE,-9.982375,-69.368,8
am_2015,2015,12,AMAPA,0.0941315,-51.461857,327
am_2015,2015,12,AMAZONAS,-2.7113059,-59.933678,474
ma_2015,2015,12,MARANHAO,-3.3518524,-45.96712,2289
ma_2015,2015,12,MATO GROSSO,-11.974047,-55.607224,816
pa_2015,2015,12,PARA,-2.7235758,-50.912136,6718
ro_2015,2015,12,RONDONIA,-10.758128,-62.950764,258
ro_2015,2015,12,RORAIMA,1.9257984,-60.510235,372
to_2015,2015,12,TOCANTINS,-7.110756,-48.63407,41
ac_2016,2016,1,ACRE,-8.965769,-70.83807,13
am_2016,2016,1,AMAPA,0.02125,-51.345123,16
am_2016,2016,1,AMAZONAS,-1.0694495,-62.665,654
ma_2016,2016,1,MARANHAO,-2.8633506,-45.81586,288
ma_2016,2016,1,MATO GROSSO,-12.58479,-56.688156,162
pa_2016,2016,1,PARA,-2.4148195,-52.76287,1479
ro_2016,2016,1,RONDONIA,-11.096141,-63.015587,85
ro_2016,2016,1,RORAIMA,1.7068386,-60.718056,1958
to_2016,2016,1,TOCANTINS,-7.456,-48.788,2
ac_2016,2016,2,ACRE,-9.279,-70.8775,2
am_2016,2016,2,AMAPA,0.334,-50.867,1
am_2016,2016,2,AMAZONAS,-1.0280833,-62.989285,252
ma_2016,2016,2,MARANHAO,-4.160209,-46.53351,110
ma_2016,2016,2,MATO GROSSO,-12.022823,-55.179276,522
pa_2016,2016,2,PARA,-4.253681,-51.240204,370
ro_2016,2016,2,RONDONIA,-10.701887,-62.822422,71
ro_2016,2016,2,RORAIMA,1.6685189,-60.701794,185
to_2016,2016,2,TOCANTINS,-7.4295,-48.77539,46
am_2016,2016,3,AMAZONAS,-0.22751428,-63.08536,105
ma_2016,2016,3,MARANHAO,-4.4175,-47.1455,2
ma_2016,2016,3,MATO GROSSO,-12.266697,-55.015026,634
pa_2016,2016,3,PARA,-6.133962,-51.12985,53
ro_2016,2016,3,RONDONIA,-11.543867,-61.991432,30
ro_2016,2016,3,RORAIMA,2.175201,-61.131336,1195
to_2016,2016,3,TOCANTINS,-7.0886,-48.8024,5
ac_2016,2016,4,ACRE,-7.994,-72.383,1
am_2016,2016,4,AMAZONAS,-2.8124616,-63.892845,13
ma_2016,2016,4,MARANHAO,-4.14725,-46.420124,8
ma_2016,2016,4,MATO GROSSO,-12.22105,-55.174976,781
pa_2016,2016,4,PARA,-7.462098,-50.96041,51
ro_2016,2016,4,RONDONIA,-11.72875,-61.978786,56
ro_2016,2016,4,RORAIMA,2.3866038,-60.758427,154
to_2016,2016,4,TOCANTINS,-6.957818,-48.64991,11
ac_2016,2016,5,ACRE,-9.676652,-69.39143,23
am_2016,2016,5,AMAPA,0.8743333,-51.512665,3
am_2016,2016,5,AMAZONAS,-4.5045385,-62.930115,26
ma_2016,2016,5,MARANHAO,-3.85536,-46.23928,25
ma_2016,2016,5,MATO GROSSO,-11.908304,-55.01628,589
pa_2016,2016,5,PARA,-5.713176,-50.97356,148
ro_2016,2016,5,RONDONIA,-10.809942,-63.37048,52
ro_2016,2016,5,RORAIMA,2.1562726,-60.519363,22
to_2016,2016,5,TOCANTINS,-6.970143,-48.343285,7
ac_2016,2016,6,ACRE,-8.985158,-70.221756,101
am_2016,2016,6,AMAPA,-0.1555,-51.5675,2
am_2016,2016,6,AMAZONAS,-5.8005834,-63.564297,84
ma_2016,2016,6,MARANHAO,-3.9515119,-45.926025,84
ma_2016,2016,6,MATO GROSSO,-11.736985,-55.4512,683
pa_2016,2016,6,PARA,-4.432153,-50.072063,509
ro_2016,2016,6,RONDONIA,-10.544184,-62.968178,174
ro_2016,2016,6,RORAIMA,1.6937,-60.8543,10
to_2016,2016,6,TOCANTINS,-7.611375,-48.740063,16
ac_2016,2016,7,ACRE,-9.139432,-69.7732,588
am_2016,2016,7,AMAPA,0.585,-50.99,1
am_2016,2016,7,AMAZONAS,-6.8378086,-63.42771,1087
ma_2016,2016,7,MARANHAO,-4.254342,-45.886417,231
ma_2016,2016,7,MATO GROSSO,-11.534192,-55.99486,1497
pa_2016,2016,7,PARA,-5.368946,-52.202255,1732
ro_2016,2016,7,RONDONIA,-10.237503,-63.51787,947
ro_2016,2016,7,RORAIMA,3.374,-60.861,1
to_2016,2016,7,TOCANTINS,-7.217583,-48.635387,36
ac_2016,2016,8,ACRE,-8.9518175,-70.21244,2526
am_2016,2016,8,AMAPA,1.1706667,-50.906948,39
am_2016,2016,8,AMAZONAS,-6.9073668,-64.02167,3652
ma_2016,2016,8,MARANHAO,-4.203289,-45.891266,436
ma_2016,2016,8,MATO GROSSO,-10.987479,-56.54499,2881
pa_2016,2016,8,PARA,-6.0404325,-53.06615,5185
ro_2016,2016,8,RONDONIA,-10.297527,-63.683994,3545
ro_2016,2016,8,RORAIMA,2.1437647,-60.72853,17
to_2016,2016,8,TOCANTINS,-7.106017,-48.540627,59
ac_2016,2016,9,ACRE,-9.376114,-69.65683,3863
am_2016,2016,9,AMAPA,1.4257933,-51.002274,150
am_2016,2016,9,AMAZONAS,-7.30997,-64.74927,2785
ma_2016,2016,9,MARANHAO,-3.9660492,-46.024548,305
ma_2016,2016,9,MATO GROSSO,-10.662451,-57.15739,5466
pa_2016,2016,9,PARA,-5.6786647,-51.67273,3878
ro_2016,2016,9,RONDONIA,-10.22113,-63.441036,3914
ro_2016,2016,9,RORAIMA,3.2146666,-61.26372,18
to_2016,2016,9,TOCANTINS,-7.309605,-48.76538,81
ac_2016,2016,10,ACRE,-9.838025,-69.319084,515
am_2016,2016,10,AMAPA,1.6196201,-51.228344,816
am_2016,2016,10,AMAZONAS,-5.122625,-62.221992,1913
ma_2016,2016,10,MARANHAO,-4.2538385,-46.030693,941
ma_2016,2016,10,MATO GROSSO,-11.530869,-56.325916,1799
pa_2016,2016,10,PARA,-4.1323586,-51.61921,5954
ro_2016,2016,10,RONDONIA,-10.2847185,-63.088978,2040
ro_2016,2016,10,RORAIMA,2.5725887,-61.007214,107
to_2016,2016,10,TOCANTINS,-6.9958186,-48.56924,149
ac_2016,2016,11,ACRE,-9.589587,-69.25133,46
am_2016,2016,11,AMAPA,0.9652826,-51.330704,1104
am_2016,2016,11,AMAZONAS,-3.8342133,-60.85857,497
ma_2016,2016,11,MARANHAO,-3.792468,-45.761826,1545
ma_2016,2016,11,MATO GROSSO,-11.992629,-55.758656,552
pa_2016,2016,11,PARA,-2.7969668,-51.225845,7314
ro_2016,2016,11,RONDONIA,-10.436623,-63.24312,411
ro_2016,2016,11,RORAIMA,2.7542174,-60.40913,69
to_2016,2016,11,TOCANTINS,-6.654611,-48.477238,72
ac_2016,2016,12,ACRE,-9.6055,-70.013,6
am_2016,2016,12,AMAPA,0.67727864,-51.285965,463
am_2016,2016,12,AMAZONAS,-4.543267,-61.539047,105
ma_2016,2016,12,MARANHAO,-2.908215,-45.575653,953
ma_2016,2016,12,MATO GROSSO,-12.129915,-55.807682,270
pa_2016,2016,12,PARA,-2.1458166,-50.7781,3051
ro_2016,2016,12,RONDONIA,-10.828014,-63.478714,137
ro_2016,2016,12,RORAIMA,2.4603658,-60.5508,134
to_2016,2016,12,TOCANTINS,-7.2414,-48.7144,5
am_2017,2017,1,AMAPA,-0.029,-51.6945,2
am_2017,2017,1,AMAZONAS,-4.0019517,-61.99116,62
ma_2017,2017,1,MARANHAO,-3.4445868,-45.94296,75
ma_2017,2017,1,MATO GROSSO,-12.45659,-55.51796,290
pa_2017,2017,1,PARA,-3.2693052,-51.68315,213
ro_2017,2017,1,RONDONIA,-10.017791,-63.322674,43
ro_2017,2017,1,RORAIMA,3.5119352,-60.495674,108
to_2017,2017,1,TOCANTINS,-6.945,-48.682335,3
ac_2017,2017,2,ACRE,-7.619,-72.59375,4
am_2017,2017,2,AMAZONAS,-0.52209526,-66.23747,21
ma_2017,2017,2,MARANHAO,-3.1536,-45.8702,5
ma_2017,2017,2,MATO GROSSO,-12.40968,-55.903,194
pa_2017,2017,2,PARA,-3.1847143,-49.95864,14
ro_2017,2017,2,RONDONIA,-12.069067,-61.762665,15
ro_2017,2017,2,RORAIMA,2.3588872,-60.384373,124
to_2017,2017,2,TOCANTINS,-7.013,-48.437,2
am_2017,2017,3,AMAZONAS,-3.3300416,-65.00533,24
ma_2017,2017,3,MATO GROSSO,-12.290771,-55.498432,419
pa_2017,2017,3,PARA,-6.279111,-51.36911,18
ro_2017,2017,3,RONDONIA,-12.409227,-61.574863,22
ro_2017,2017,3,RORAIMA,2.277478,-60.74299,251
to_2017,2017,3,TOCANTINS,-6.6635,-48.6435,2
ac_2017,2017,4,ACRE,-7.777,-72.727,1
am_2017,2017,4,AMAPA,0.115666665,-51.395332,3
am_2017,2017,4,AMAZONAS,-2.8221333,-61.424667,15
ma_2017,2017,4,MARANHAO,-4.17825,-46.39775,4
ma_2017,2017,4,MATO GROSSO,-12.291192,-55.104324,458
pa_2017,2017,4,PARA,-4.6165714,-52.347713,42
ro_2017,2017,4,RONDONIA,-11.53595,-62.0406,20
ro_2017,2017,4,RORAIMA,3.12192,-60.805466,75
ac_2017,2017,5,ACRE,-9.958111,-69.751114,9
am_2017,2017,5,AMAPA,0.3895,-51.046,2
am_2017,2017,5,AMAZONAS,-4.401394,-62.045517,33
ma_2017,2017,5,MARANHAO,-3.537375,-46.17625,8
ma_2017,2017,5,MATO GROSSO,-12.16614,-55.08838,574
pa_2017,2017,5,PARA,-4.5080247,-50.544422,121
ro_2017,2017,5,RONDONIA,-11.283,-62.372173,29
ro_2017,2017,5,RORAIMA,2.3792222,-60.76496,27
to_2017,2017,5,TOCANTINS,-7.1775,-48.5695,2
ac_2017,2017,6,ACRE,-8.3607435,-71.52177,39
am_2017,2017,6,AMAPA,0.2115,-51.638,2
am_2017,2017,6,AMAZONAS,-5.4793158,-62.478115,95
ma_2017,2017,6,MARANHAO,-3.9587886,-46.18362,71
ma_2017,2017,6,MATO GROSSO,-11.757903,-55.01378,886
pa_2017,2017,6,PARA,-4.6631274,-50.396793,486
ro_2017,2017,6,RONDONIA,-10.27921,-63.00611,152
ro_2017,2017,6,RORAIMA,2.5135,-60.648,4
to_2017,2017,6,TOCANTINS,-7.4561667,-48.722168,24
ac_2017,2017,7,ACRE,-8.983365,-70.30218,362
am_2017,2017,7,AMAPA,0.47433335,-51.012333,3
am_2017,2017,7,AMAZONAS,-6.5806108,-62.710037,1534
ma_2017,2017,7,MARANHAO,-3.4875624,-45.5572,288
ma_2017,2017,7,MATO GROSSO,-11.439186,-55.55177,1049
pa_2017,2017,7,PARA,-4.7871203,-52.064774,3696
ro_2017,2017,7,RONDONIA,-9.992779,-63.707478,1005
ro_2017,2017,7,RORAIMA,0.38533333,-59.974335,3
to_2017,2017,7,TOCANTINS,-7.039087,-48.422848,46
ac_2017,2017,8,ACRE,-8.88493,-70.40404,1318
am_2017,2017,8,AMAPA,1.1109285,-51.094894,28
am_2017,2017,8,AMAZONAS,-6.6958675,-62.52664,4793
ma_2017,2017,8,MARANHAO,-3.5478673,-45.777916,226
ma_2017,2017,8,MATO GROSSO,-10.3808775,-57.566418,2738
pa_2017,2017,8,PARA,-6.0702977,-53.149445,8781
ro_2017,2017,8,RONDONIA,-9.772765,-63.574074,3244
ro_2017,2017,8,RORAIMA,3.2292728,-60.644093,33
to_2017,2017,8,TOCANTINS,-7.294289,-48.608917,83
ac_2017,2017,9,ACRE,-9.346336,-69.74993,3100
am_2017,2017,9,AMAPA,1.4877841,-51.091965,88
am_2017,2017,9,AMAZONAS,-7.1024604,-64.273094,3185
ma_2017,2017,9,MARANHAO,-4.510299,-46.341812,909
ma_2017,2017,9,MATO GROSSO,-10.797458,-56.21547,8453
pa_2017,2017,9,PARA,-6.6382694,-52.085358,15735
ro_2017,2017,9,RONDONIA,-10.181459,-63.41872,4563
ro_2017,2017,9,RORAIMA,2.29305,-60.272476,40
to_2017,2017,9,TOCANTINS,-6.950014,-48.567055,496
ac_2017,2017,10,ACRE,-9.864711,-68.898056,1350
am_2017,2017,10,AMAPA,1.6988932,-51.351704,440
am_2017,2017,10,AMAZONAS,-5.4508023,-62.835884,1190
ma_2017,2017,10,MARANHAO,-4.281826,-46.041576,972
ma_2017,2017,10,MATO GROSSO,-11.231034,-56.099667,2389
pa_2017,2017,10,PARA,-3.9630203,-52.055687,6146
ro_2017,2017,10,RONDONIA,-10.592255,-63.150803,1724
ro_2017,2017,10,RORAIMA,2.97884,-60.479992,150
to_2017,2017,10,TOCANTINS,-6.762604,-48.49501,96
ac_2017,2017,11,ACRE,-10.128275,-69.41717,102
am_2017,2017,11,AMAPA,0.6908508,-51.370583,972
am_2017,2017,11,AMAZONAS,-3.3307202,-60.91204,486
ma_2017,2017,11,MARANHAO,-3.625872,-45.911865,1459
ma_2017,2017,11,MATO GROSSO,-11.863165,-56.17625,529
pa_2017,2017,11,PARA,-2.6335404,-51.188965,9639
ro_2017,2017,11,RONDONIA,-10.407685,-63.05183,423
ro_2017,2017,11,RORAIMA,2.6769905,-60.453365,421
to_2017,2017,11,TOCANTINS,-6.7089863,-48.56846,74
ac_2017,2017,12,ACRE,-8.9741,-70.7215,10
am_2017,2017,12,AMAPA,0.33684975,-51.389805,406
am_2017,2017,12,AMAZONAS,-3.2507086,-59.46582,247
ma_2017,2017,12,MARANHAO,-3.1891165,-45.884266,1879
ma_2017,2017,12,MATO GROSSO,-12.324195,-55.695705,164
pa_2017,2017,12,PARA,-2.4941847,-50.924095,4879
ro_2017,2017,12,RONDONIA,-10.609569,-62.427258,58
ro_2017,2017,12,RORAIMA,2.7278025,-60.45005,329
to_2017,2017,12,TOCANTINS,-5.8782306,-48.324,13
am_2018,2018,1,AMAPA,0.09542857,-51.388214,14
am_2018,2018,1,AMAZONAS,-3.560326,-63.20389,46
ma_2018,2018,1,MARANHAO,-3.5957692,-46.156597,156
ma_2018,2018,1,MATO GROSSO,-11.88926,-55.10973,196
pa_2018,2018,1,PARA,-3.1039684,-51.48527,536
ro_2018,2018,1,RONDONIA,-10.838467,-63.5844,15
ro_2018,2018,1,RORAIMA,2.1272416,-60.549118,480
to_2018,2018,1,TOCANTINS,-6.456,-48.34,1
ac_2018,2018,2,ACRE,-7.632,-72.7295,2
am_2018,2018,2,AMAPA,2.524,-51.042,1
am_2018,2018,2,AMAZONAS,-0.70394623,-65.179665,93
ma_2018,2018,2,MARANHAO,-3.3273335,-45.79933,3
ma_2018,2018,2,MATO GROSSO,-12.119941,-55.25093,185
pa_2018,2018,2,PARA,-1.9765278,-52.78711,36
ro_2018,2018,2,RONDONIA,-11.610143,-61.927715,7
ro_2018,2018,2,RORAIMA,2.0470269,-60.624924,558
to_2018,2018,2,TOCANTINS,-7.808,-49.044666,3
ac_2018,2018,3,ACRE,-7.73,-72.398,1
am_2018,2018,3,AMAZONAS,-2.2309444,-64.00837,54
ma_2018,2018,3,MARANHAO,-3.656909,-46.176636,11
ma_2018,2018,3,MATO GROSSO,-12.205224,-55.26599,486
pa_2018,2018,3,PARA,-5.720137,-50.258568,51
ro_2018,2018,3,RONDONIA,-10.450036,-63.2915,28
ro_2018,2018,3,RORAIMA,2.1327608,-61.024403,727
to_2018,2018,3,TOCANTINS,-7.388,-48.302,1
ac_2018,2018,4,ACRE,-9.1524,-71.7332,5
am_2018,2018,4,AMAPA,0.033,-51.061,1
am_2018,2018,4,AMAZONAS,-3.3253572,-61.985928,14
ma_2018,2018,4,MARANHAO,-5.532,-46.247,1
ma_2018,2018,4,MATO GROSSO,-12.362918,-55.082436,280
pa_2018,2018,4,PARA,-6.5996923,-51.990307,13
ro_2018,2018,4,RONDONIA,-12.724286,-62.33157,7
ro_2018,2018,4,RORAIMA,2.699508,-60.903397,191
to_2018,2018,4,TOCANTINS,-7.386,-48.301,1
ac_2018,2018,5,ACRE,-9.8695,-69.94007,14
am_2018,2018,5,AMAPA,0.934,-51.998,1
am_2018,2018,5,AMAZONAS,-6.3105264,-61.659367,19
ma_2018,2018,5,MARANHAO,-4.206714,-46.64143,14
ma_2018,2018,5,MATO GROSSO,-12.002282,-54.826687,591
pa_2018,2018,5,PARA,-6.36159,-50.751102,78
ro_2018,2018,5,RONDONIA,-11.631098,-61.950073,41
ro_2018,2018,5,RORAIMA,3.1831,-60.7852,10
to_2018,2018,5,TOCANTINS,-6.39425,-48.649,4
ac_2018,2018,6,ACRE,-9.301122,-70.03271,41
am_2018,2018,6,AMAPA,1.328,-51.405,3
am_2018,2018,6,AMAZONAS,-5.8316994,-61.950577,123
ma_2018,2018,6,MARANHAO,-4.2289286,-46.36075,56
ma_2018,2018,6,MATO GROSSO,-11.650387,-55.410015,1132
pa_2018,2018,6,PARA,-5.091066,-51.001602,454
ro_2018,2018,6,RONDONIA,-10.451925,-63.267635,148
ro_2018,2018,6,RORAIMA,3.9344,-60.7288,5
to_2018,2018,6,TOCANTINS,-6.5322223,-48.245056,18
ac_2018,2018,7,ACRE,-9.131987,-69.56839,381
am_2018,2018,7,AMAPA,0.8335,-51.02575,4
am_2018,2018,7,AMAZONAS,-7.201031,-62.62199,1346
ma_2018,2018,7,MARANHAO,-3.8088841,-45.822083,95
ma_2018,2018,7,MATO GROSSO,-11.644112,-56.112198,1222
pa_2018,2018,7,PARA,-5.0220723,-51.717705,929
ro_2018,2018,7,RONDONIA,-9.84889,-63.55679,769
ro_2018,2018,7,RORAIMA,3.522,-60.4835,4
to_2018,2018,7,TOCANTINS,-6.520421,-48.414185,38
ac_2018,2018,8,ACRE,-8.765444,-70.61272,1368
am_2018,2018,8,AMAPA,1.3155264,-51.075104,38
am_2018,2018,8,AMAZONAS,-7.4027,-64.19616,2589
ma_2018,2018,8,MARANHAO,-3.5940466,-45.980167,150
ma_2018,2018,8,MATO GROSSO,-10.877488,-57.39996,1475
pa_2018,2018,8,PARA,-5.7099886,-52.846745,2782
ro_2018,2018,8,RONDONIA,-10.058499,-63.553944,1975
ro_2018,2018,8,RORAIMA,3.0288572,-60.313858,7
to_2018,2018,8,TOCANTINS,-6.5997295,-48.404488,37
ac_2018,2018,9,ACRE,-9.313154,-69.95279,4379
am_2018,2018,9,AMAPA,1.584252,-51.086666,123
am_2018,2018,9,AMAZONAS,-7.245514,-64.20989,4928
ma_2018,2018,9,MARANHAO,-3.4611976,-45.860264,167
ma_2018,2018,9,MATO GROSSO,-10.416518,-57.835796,4220
pa_2018,2018,9,PARA,-6.0020947,-52.975937,4892
ro_2018,2018,9,RONDONIA,-9.987283,-63.524166,6032
ro_2018,2018,9,RORAIMA,2.5129411,-60.908295,17
to_2018,2018,9,TOCANTINS,-6.9524,-48.582554,45
ac_2018,2018,10,ACRE,-10.109953,-68.926,407
am_2018,2018,10,AMAPA,1.8358774,-51.228054,571
am_2018,2018,10,AMAZONAS,-4.158268,-60.899303,1725
ma_2018,2018,10,MARANHAO,-3.9087393,-46.044224,426
ma_2018,2018,10,MATO GROSSO,-11.291744,-56.167976,1300
pa_2018,2018,10,PARA,-3.7294579,-51.823803,5028
ro_2018,2018,10,RONDONIA,-10.757652,-63.274155,986
ro_2018,2018,10,RORAIMA,3.1639645,-60.984463,141
to_2018,2018,10,TOCANTINS,-7.0374,-48.64163,70
ac_2018,2018,11,ACRE,-9.280692,-70.44042,26
am_2018,2018,11,AMAPA,1.1442156,-51.249588,450
am_2018,2018,11,AMAZONAS,-3.5638368,-60.11497,472
ma_2018,2018,11,MARANHAO,-3.8131502,-45.820057,1033
ma_2018,2018,11,MATO GROSSO,-12.2203045,-55.78741,269
pa_2018,2018,11,PARA,-2.9334552,-51.16175,6276
ro_2018,2018,11,RONDONIA,-10.469046,-63.183296,198
ro_2018,2018,11,RORAIMA,2.8464584,-60.396507,120
to_2018,2018,11,TOCANTINS,-6.5071893,-48.48827,37
ac_2018,2018,12,ACRE,-9.281,-70.8805,2
am_2018,2018,12,AMAZONAS,-3.6154864,-60.225758,37
ma_2018,2018,12,MARANHAO,-3.2843413,-45.56092,337
ma_2018,2018,12,MATO GROSSO,-12.8048,-56.187866,265
pa_2018,2018,12,PARA,-3.1751244,-52.48398,1005
ro_2018,2018,12,RONDONIA,-10.551639,-63.583126,47
ro_2018,2018,12,RORAIMA,3.6809595,-60.67119,123
to_2018,2018,12,TOCANTINS,-7.037,-48.629116,26
ac_2019,2019,1,ACRE,-8.173,-70.358,1
am_2019,2019,1,AMAPA,0.30925,-51.09025,4
am_2019,2019,1,AMAZONAS,-2.1821144,-61.218857,35
ma_2019,2019,1,MARANHAO,-2.793301,-45.538204,269
ma_2019,2019,1,MATO GROSSO,-12.317994,-55.591183,336
pa_2019,2019,1,PARA,-2.5923746,-51.68516,355
ro_2019,2019,1,RONDONIA,-11.389606,-62.707363,33
ro_2019,2019,1,RORAIMA,2.9831672,-60.47575,383
to_2019,2019,1,TOCANTINS,-7.139,-48.88933,3
ac_2019,2019,2,ACRE,-8.169,-70.351,1
am_2019,2019,2,AMAZONAS,-0.087011114,-66.3913,90
ma_2019,2019,2,MARANHAO,-4.640222,-47.29933,9
ma_2019,2019,2,MATO GROSSO,-12.070832,-54.87899,536
pa_2019,2019,2,PARA,-5.5451627,-51.4375,80
ro_2019,2019,2,RONDONIA,-11.575954,-62.27923,22
ro_2019,2019,2,RORAIMA,2.5761065,-60.839256,629
to_2019,2019,2,TOCANTINS,-5.354,-48.491,1
ac_2019,2019,3,ACRE,-9.0575,-69.108,2
am_2019,2019,3,AMAZONAS,-1.4637631,-62.362816,114
ma_2019,2019,3,MARANHAO,-4.8063335,-47.406,3
ma_2019,2019,3,MATO GROSSO,-12.224327,-55.519897,752
pa_2019,2019,3,PARA,-5.2012825,-52.79904,46
ro_2019,2019,3,RONDONIA,-11.61125,-61.929462,28
ro_2019,2019,3,RORAIMA,2.0890648,-61.047997,2433
to_2019,2019,3,TOCANTINS,-7.2422,-48.852,5
ac_2019,2019,4,ACRE,-9.618667,-70.09967,6
am_2019,2019,4,AMAZONAS,-4.082,-63.5458,10
ma_2019,2019,4,MARANHAO,-4.2465,-46.5745,2
ma_2019,2019,4,MATO GROSSO,-12.377468,-55.213287,485
pa_2019,2019,4,PARA,-6.524132,-51.2815,38
ro_2019,2019,4,RONDONIA,-11.618193,-62.2585,26
ro_2019,2019,4,RORAIMA,1.6436199,-60.755074,1134
to_2019,2019,4,TOCANTINS,-7.161,-48.336,1
ac_2019,2019,5,ACRE,-9.538697,-69.428276,33
am_2019,2019,5,AMAZONAS,-5.1440954,-60.999428,21
ma_2019,2019,5,MARANHAO,-4.361,-46.423,12
ma_2019,2019,5,MATO GROSSO,-11.859189,-54.903465,631
pa_2019,2019,5,PARA,-6.7065125,-50.89855,80
ro_2019,2019,5,RONDONIA,-11.54146,-62.34616,50
ro_2019,2019,5,RORAIMA,2.803381,-61.131237,21
to_2019,2019,5,TOCANTINS,-8.4735,-48.709667,6
ac_2019,2019,6,ACRE,-9.063267,-70.563385,60
am_2019,2019,6,AMAZONAS,-6.697614,-62.69758,57
ma_2019,2019,6,MARANHAO,-4.1922917,-46.458626,24
ma_2019,2019,6,MATO GROSSO,-11.833665,-55.082832,1246
pa_2019,2019,6,PARA,-6.224146,-51.184258,315
ro_2019,2019,6,RONDONIA,-10.524476,-62.825264,170
ro_2019,2019,6,RORAIMA,3.1565,-60.2705,2
to_2019,2019,6,TOCANTINS,-6.9841666,-48.938168,6
ac_2019,2019,7,ACRE,-9.526872,-69.19435,272
am_2019,2019,7,AMAPA,1.3595,-51.05025,4
am_2019,2019,7,AMAZONAS,-7.026756,-61.317608,1371
ma_2019,2019,7,MARANHAO,-3.8392792,-46.09871,86
ma_2019,2019,7,MATO GROSSO,-11.620443,-55.8624,1343
pa_2019,2019,7,PARA,-5.8729563,-53.07356,1443
ro_2019,2019,7,RONDONIA,-9.735908,-63.312794,780
ro_2019,2019,7,RORAIMA,3.35425,-60.946,4
to_2019,2019,7,TOCANTINS,-7.3533335,-48.797867,15
ac_2019,2019,8,ACRE,-9.14967,-69.911896,3051
am_2019,2019,8,AMAPA,0.8260952,-50.96138,21
am_2019,2019,8,AMAZONAS,-7.464092,-63.177204,6668
ma_2019,2019,8,MARANHAO,-3.74743,-45.796535,193
ma_2019,2019,8,MATO GROSSO,-10.3697195,-58.037678,5123
pa_2019,2019,8,PARA,-6.4845796,-53.723137,10185
ro_2019,2019,8,RONDONIA,-9.808554,-63.338593,5592
ro_2019,2019,8,RORAIMA,1.4052,-60.8752,5
to_2019,2019,8,TOCANTINS,-7.555371,-48.651966,62
ac_2019,2019,9,ACRE,-9.508821,-69.6347,2977
am_2019,2019,9,AMAPA,1.1522609,-51.069622,138
am_2019,2019,9,AMAZONAS,-6.889662,-64.38937,3026
ma_2019,2019,9,MARANHAO,-3.6347044,-45.75494,291
ma_2019,2019,9,MATO GROSSO,-11.215601,-56.421696,5165
pa_2019,2019,9,PARA,-5.952494,-52.2496,4618
ro_2019,2019,9,RONDONIA,-10.194925,-63.48867,3644
ro_2019,2019,9,RORAIMA,2.697,-61.105614,26
to_2019,2019,9,TOCANTINS,-7.06245,-48.6437,40
ac_2019,2019,10,ACRE,-10.128559,-69.03858,354
am_2019,2019,10,AMAPA,1.5990481,-51.241856,540
am_2019,2019,10,AMAZONAS,-4.828387,-61.92746,548
ma_2019,2019,10,MARANHAO,-3.8054807,-45.81127,861
ma_2019,2019,10,MATO GROSSO,-11.66789,-56.14197,1030
pa_2019,2019,10,PARA,-3.7412078,-51.06101,3870
ro_2019,2019,10,RONDONIA,-10.879245,-63.143078,556
ro_2019,2019,10,RORAIMA,2.9921699,-61.222416,53
to_2019,2019,10,TOCANTINS,-7.3347907,-48.603165,43
ac_2019,2019,11,ACRE,-9.472546,-69.987206,44
am_2019,2019,11,AMAPA,1.3533459,-51.260532,503
am_2019,2019,11,AMAZONAS,-4.0142913,-60.308147,573
ma_2019,2019,11,MARANHAO,-3.4036593,-45.765293,1738
ma_2019,2019,11,MATO GROSSO,-12.230047,-55.87604,684
pa_2019,2019,11,PARA,-3.0257246,-51.419422,7390
ro_2019,2019,11,RONDONIA,-10.551635,-63.357655,263
ro_2019,2019,11,RORAIMA,2.9974656,-60.29143,58
to_2019,2019,11,TOCANTINS,-6.322091,-48.443024,44
ac_2019,2019,12,ACRE,-10.163,-68.068,1
am_2019,2019,12,AMAPA,0.9642581,-51.078724,62
am_2019,2019,12,AMAZONAS,-4.1361446,-60.402363,152
ma_2019,2019,12,MARANHAO,-3.3072915,-45.83314,501
ma_2019,2019,12,MATO GROSSO,-12.138385,-56.066296,148
pa_2019,2019,12,PARA,-2.9767272,-50.909317,1280
ro_2019,2019,12,RONDONIA,-10.809262,-62.890453,42
ro_2019,2019,12,RORAIMA,2.8566666,-60.43196,27
to_2019,2019,12,TOCANTINS,-6.769381,-48.475666,21
